tf,tfbs,gene,deg_source,polarity,tfbs_source,is_sigma_factor,is_global_regulator
acrr,AAGTTAACTT,acrr,schmidt_down,-,regdb,no,no
acrr,CAAGTTAACTT,acrr,schmidt_down,-,ecocyc,no,no
acrr,CGTTGTATGTG,acrr,schmidt_down,-,ecocyc,no,no
acrr,CTGCGGATAATTGTAATATTATGGA,acrr,schmidt_down,-,ecocyc,no,no
acrr,GACCACCATTCGAATCTGTATGCAA,acrr,schmidt_down,-,ecocyc,no,no
acrr,GTCATTCATTTCTGAATGTCTGTT,acrr,schmidt_down,-,regdb,no,no
acrr,GTCATTCATTTCTGAATGTCTGTTT,acrr,schmidt_down,-,ecocyc,no,no
acrr,GTTGTATGTG,acrr,schmidt_down,-,regdb,no,no
acrr,TACATACATTCACAAATGTATGTA,acrr,schmidt_down,-,regdb,no,no
acrr,TACATACATTCACAAATGTATGTAA,acrr,schmidt_down,-,ecocyc,no,no
acrr,TACATACATTTGTGAATGTATGTA,acrr,schmidt_down,-,regdb,no,no
acrr,TGCATACAGATTCGAATGGTGGTC,acrr,schmidt_down,-,regdb,no,no
acrr,TGCGGATAATTGTAATATTATGGA,acrr,schmidt_down,-,regdb,no,no
acrr,TTCATTCATT,acrr,schmidt_down,-,regdb,no,no
acrr,TTCATTCATTT,acrr,schmidt_down,-,ecocyc,no,no
acrr,TTTCTACATTTACCCATCTTCGTA,acrr,schmidt_down,-,regdb,no,no
acrr,TTTTCTACATTTACCCATCTTCGTA,acrr,schmidt_down,-,ecocyc,no,no
allr,GTTGGAATATTTTTCCAA,hyi,schmidt_down,-,ecocyc,no,no
allr,TTGGAAAAATATTCCAA,hyi,schmidt_down,-,regdb,no,no
allr,TTGGAAAAATTTTCCAA,hyi,schmidt_down,-,regdb,no,no
allr,TTGGAAAAATTTTCCAAT,hyi,schmidt_down,-,ecocyc,no,no
allr,TTGGAATATTTTTCCAA,hyi,schmidt_down,-,regdb,no,no
argp,ACTTTTGTTCGAGTGGAGTCC,recf,schmidt_down,+,ecocyc,no,no
argp,ATTAATTTGCTTTCCTGGGT,recf,schmidt_down,+,regdb,no,no
argp,ATTAATTTGCTTTCCTGGGTC,recf,schmidt_down,+,ecocyc,no,no
argp,ATTATCAATTTCCGCTAATAA,recf,schmidt_down,+,ecocyc,no,no
argp,ATTCGCTTATATATTGACCA,recf,schmidt_down,+,regdb,no,no
argp,ATTCGCTTATATATTGACCAC,recf,schmidt_down,+,ecocyc,no,no
argp,ATTGTGTCATAGTGCAGGAA,recf,schmidt_down,+,regdb,no,no
argp,ATTGTGTCATAGTGCAGGAAA,recf,schmidt_down,+,ecocyc,no,no
argp,ATTTAACAATAACCGAATAG,recf,schmidt_down,+,regdb,no,no
argp,ATTTAACAATAACCGAATAGA,recf,schmidt_down,+,ecocyc,no,no
argp,CTATTATGCCGTTCAAGAAA,recf,schmidt_down,+,regdb,no,no
argp,CTATTATGCCGTTCAAGAAAT,recf,schmidt_down,+,ecocyc,no,no
argp,CTTTTGTTCGAGTGGAGTCC,recf,schmidt_down,+,regdb,no,no
argp,GCGATCATGAAGGTGTCTTA,recf,schmidt_down,+,regdb,no,no
argp,GCTTTACTTATAATCCCTGG,recf,schmidt_down,+,regdb,no,no
argp,GGCGATCATGAAGGTGTCTTA,recf,schmidt_down,+,ecocyc,no,no
argp,GTTATGAGATTACTCTCGTT,recf,schmidt_down,+,regdb,no,no
argp,GTTATGAGATTACTCTCGTTA,recf,schmidt_down,+,ecocyc,no,no
argp,GTTTATCATTAATTTCTAAT,recf,schmidt_down,+,regdb,no,no
argp,GTTTATCATTAATTTCTAATT,recf,schmidt_down,+,ecocyc,no,no
argp,TAAGCCATCTATATCAATTT,recf,schmidt_down,+,regdb,no,no
argp,TAAGCCATCTATATCAATTTA,recf,schmidt_down,+,ecocyc,no,no
argp,TATATGCAACCTGACACAAA,recf,schmidt_down,+,regdb,no,no
argp,TATATGCAACCTGACACAAAA,recf,schmidt_down,+,ecocyc,no,no
argp,TATGTGATGACTCGTGCTTA,recf,schmidt_down,+,regdb,no,no
argp,TATGTGATGACTCGTGCTTAG,recf,schmidt_down,+,ecocyc,no,no
argp,TGCTTTACTTATAATCCCTGG,recf,schmidt_down,+,ecocyc,no,no
argp,TTATCAATTTCCGCTAATAA,recf,schmidt_down,+,regdb,no,no
argp,TTTCACTGATATCCCTCCCT,recf,schmidt_down,+,regdb,no,no
argp,TTTCACTGATATCCCTCCCTG,recf,schmidt_down,+,ecocyc,no,no
argp,TTTCCAATATGCGGCGTAAA,recf,schmidt_down,+,regdb,no,no
argp,TTTCTGATTGCCAATTAATA,recf,schmidt_down,+,regdb,no,no
argp,TTTGTCTATGGTCATTAAAT,recf,schmidt_down,+,regdb,no,no
argp,TTTTCCAATATGCGGCGTAAA,recf,schmidt_down,+,ecocyc,no,no
argp,TTTTCTGATTGCCAATTAATA,recf,schmidt_down,+,ecocyc,no,no
argp,TTTTGTCTATGGTCATTAAAT,recf,schmidt_down,+,ecocyc,no,no
argp,TTTTTGCAATCATTAGCAAA,recf,schmidt_down,+,regdb,no,no
argp,TTTTTGCAATCATTAGCAAAA,recf,schmidt_down,+,ecocyc,no,no
argr,AAAAGAGTTTTAATTTTTATGAGGCCGACGATGATTACG,hisq,schmidt_down,-,regdb,no,yes
argr,AAAAGAGTTTTAATTTTTATGAGGCCGACGATGATTACGG,hisq,schmidt_down,-,ecocyc,no,yes
argr,AAATGAATAATCATCCATA,hisq,schmidt_down,-,ecocyc,no,yes
argr,AAATGAATAATTACACATA,hisq,schmidt_down,-,ecocyc,no,yes
argr,AAATGAGTATTTATTCTCATAAATCGAAAAAGGATTCAT,hisq,schmidt_down,-,regdb,no,yes
argr,AAATGAGTATTTATTCTCATAAATCGAAAAAGGATTCATT,hisq,schmidt_down,-,ecocyc,no,yes
argr,AAATGCATACTTAAGCATT,hisq,schmidt_down,-,ecocyc,no,yes
argr,AACTCCATTTTTATGCGTTTTGCCCTAATATTTATTCTT,hisq,schmidt_down,-,regdb,no,yes
argr,AACTCCATTTTTATGCGTTTTGCCCTAATATTTATTCTTC,hisq,schmidt_down,-,ecocyc,no,yes
argr,AACTGAATAAATCACCCATCCCTCTGCATATCTGGTCGCT,hisq,schmidt_down,-,ecocyc,no,yes
argr,AAGTGAATAAAAATGCAATATAACAGAATAAAAGAAAACA,hisq,schmidt_down,-,ecocyc,no,yes
argr,AAGTGAATTTTAATTCAAT,hisq,schmidt_down,-,ecocyc,no,yes
argr,AAGTTACATTATTAATATCGTGAATGAATAATCATGCATA,hisq,schmidt_down,-,ecocyc,no,yes
argr,AATCGCATAAAAATACAAAAAAAATGAAGATGTAGCGGC,hisq,schmidt_down,-,regdb,no,yes
argr,AATCGCATAAAAATACAAAAAAAATGAAGATGTAGCGGCA,hisq,schmidt_down,-,ecocyc,no,yes
argr,AATGAAAAATAATACGTC,hisq,schmidt_down,-,regdb,no,yes
argr,AATGAATAATCATCCATA,hisq,schmidt_down,-,regdb,no,yes
argr,AATGAATAATTACACATA,hisq,schmidt_down,-,regdb,no,yes
argr,AATGAGTTTTCATTTAAT,hisq,schmidt_down,-,regdb,no,yes
argr,AATGCATACTTAAGCATT,hisq,schmidt_down,-,regdb,no,yes
argr,AATTGAATTTTAATTCATT,hisq,schmidt_down,-,ecocyc,no,yes
argr,AATTGCAACTTTACTCGTC,hisq,schmidt_down,-,ecocyc,no,yes
argr,ACAGAATAAAAATACACT,hisq,schmidt_down,-,regdb,no,yes
argr,ACAGAATAAAAATACACTA,hisq,schmidt_down,-,ecocyc,no,yes
argr,ACCAGCAGTTACTACGCCGCCAGTGCGAATAAATATGCA,hisq,schmidt_down,-,regdb,no,yes
argr,ACCAGCAGTTACTACGCCGCCAGTGCGAATAAATATGCAC,hisq,schmidt_down,-,ecocyc,no,yes
argr,ACCGAAATTTCATGCATA,hisq,schmidt_down,-,regdb,no,yes
argr,ACCGAAATTTCATGCATAA,hisq,schmidt_down,-,ecocyc,no,yes
argr,ACTCGCGTTATTATGCATTAATGCAGCGAAAAGCTCTGT,hisq,schmidt_down,-,regdb,no,yes
argr,ACTCGCGTTATTATGCATTAATGCAGCGAAAAGCTCTGTT,hisq,schmidt_down,-,ecocyc,no,yes
argr,ACTGAATTTTTATGCAAA,hisq,schmidt_down,-,regdb,no,yes
argr,ACTGCATAATCAATCAAA,hisq,schmidt_down,-,regdb,no,yes
argr,ACTGCATAATCAATCAAAA,hisq,schmidt_down,-,ecocyc,no,yes
argr,ACTGCATGAATATTGATAC,hisq,schmidt_down,-,ecocyc,no,yes
argr,ACTGGATATTCATTCACA,hisq,schmidt_down,-,regdb,no,yes
argr,AGGCATAAAAAGTCGATGGCGTTGAATATTTTTTCAGCG,hisq,schmidt_down,-,regdb,no,yes
argr,AGTGAATTTTAATTCAAT,hisq,schmidt_down,-,regdb,no,yes
argr,AGTGAGTGAATATTCTCT,hisq,schmidt_down,-,regdb,no,yes
argr,AGTGAGTGAATATTCTCTG,hisq,schmidt_down,-,ecocyc,no,yes
argr,AGTGATTTTTTATGCATA,hisq,schmidt_down,-,regdb,no,yes
argr,AGTGTATTTTTATTCATA,hisq,schmidt_down,-,regdb,no,yes
argr,ATATAGAAATATTTGCAAAAATAGTGCATGAAATAAGCT,hisq,schmidt_down,-,regdb,no,yes
argr,ATATAGAAATATTTGCAAAAATAGTGCATGAAATAAGCTT,hisq,schmidt_down,-,ecocyc,no,yes
argr,ATCGCAAACGTATTCACT,hisq,schmidt_down,-,regdb,no,yes
argr,ATGCACTTTAAATGCATA,hisq,schmidt_down,-,regdb,no,yes
argr,ATGCATAACCATGCAGAATTTCTCGCTACTTTTCCTCTA,hisq,schmidt_down,-,regdb,no,yes
argr,ATGCATGATTATTCATTCACGATATTAATAATGTAACTT,hisq,schmidt_down,-,regdb,no,yes
argr,ATGCGCATAACCATGCATGTAAATACCATGTTTACCGTG,hisq,schmidt_down,-,regdb,no,yes
argr,ATGCGCATAACCATGCATGTAAATACCATGTTTACCGTGC,hisq,schmidt_down,-,ecocyc,no,yes
argr,ATTAAATGAAAACTCATT,hisq,schmidt_down,-,regdb,no,yes
argr,ATTAAATGAAAACTCATTT,hisq,schmidt_down,-,ecocyc,no,yes
argr,ATTGAATTTTAATTCATT,hisq,schmidt_down,-,regdb,no,yes
argr,ATTGCAACTTTACTCGTC,hisq,schmidt_down,-,regdb,no,yes
argr,ATTGCATAATTATTCTGT,hisq,schmidt_down,-,regdb,no,yes
argr,ATTGCATATAAATTCACT,hisq,schmidt_down,-,regdb,no,yes
argr,ATTTATATTCATGCGTTGCATATGAAAGTTTATGCACCA,hisq,schmidt_down,-,regdb,no,yes
argr,ATTTGAATTAAAAGTCAAGGTATATGCATTTTTATTTGAT,hisq,schmidt_down,-,ecocyc,no,yes
argr,CACTGACTCTCATTGCAAAAAACAGGAATAACCATGCAA,hisq,schmidt_down,-,regdb,no,yes
argr,CACTGACTCTCATTGCAAAAAACAGGAATAACCATGCAAC,hisq,schmidt_down,-,ecocyc,no,yes
argr,CATCAGTTGAATAAACATTCACAGAGACTTTTATGACAC,hisq,schmidt_down,-,regdb,no,yes
argr,CATCAGTTGAATAAACATTCACAGAGACTTTTATGACACG,hisq,schmidt_down,-,ecocyc,no,yes
argr,CATCGCAAACGTATTCACT,hisq,schmidt_down,-,ecocyc,no,yes
argr,CCGATAAAAAATATGCACGTTTATTGCATATCTTTCAGT,hisq,schmidt_down,-,regdb,no,yes
argr,CCGATAAAAAATATGCACGTTTATTGCATATCTTTCAGTG,hisq,schmidt_down,-,ecocyc,no,yes
argr,CCTCCGCCGTTTATGCACT,hisq,schmidt_down,-,ecocyc,no,yes
argr,CGCTGAAAAAATATTCAACGCCATCGACTTTTTATGCCTT,hisq,schmidt_down,-,ecocyc,no,yes
argr,CGGGATATAAATATTCATCAGCACCACAATATTCCACAG,hisq,schmidt_down,-,regdb,no,yes
argr,CGGGATATAAATATTCATCAGCACCACAATATTCCACAGC,hisq,schmidt_down,-,ecocyc,no,yes
argr,CTCATCATATTTATGCAGTAATTGAGATCCCCTCTTCAC,hisq,schmidt_down,-,regdb,no,yes
argr,CTCATCATATTTATGCAGTAATTGAGATCCCCTCTTCACC,hisq,schmidt_down,-,ecocyc,no,yes
argr,CTCCGCCGTTTATGCACT,hisq,schmidt_down,-,regdb,no,yes
argr,CTGCATGAATATTGATAC,hisq,schmidt_down,-,regdb,no,yes
argr,CTTCAGAATTACGCAAAAGAGCTGAATAATTATTCCCAA,hisq,schmidt_down,-,regdb,no,yes
argr,GAACTGGATAATCATGCATTCCTGATGGATTTTCAGGAA,hisq,schmidt_down,-,regdb,no,yes
argr,GAACTGGATAATCATGCATTCCTGATGGATTTTCAGGAAT,hisq,schmidt_down,-,ecocyc,no,yes
argr,GAATGAATTTAAATTCGTTTTAATTGAATTAAAAATCACA,hisq,schmidt_down,-,ecocyc,no,yes
argr,GCGACCAGATATGCAGAGGGATGGGTGATTTATTCAGTT,hisq,schmidt_down,-,regdb,no,yes
argr,GTATCAATATTCATGCAG,hisq,schmidt_down,-,regdb,no,yes
argr,GTGATGAAGATTATGTCATTGAGCTGCATAAAAAATAAT,hisq,schmidt_down,-,regdb,no,yes
argr,GTGATGAAGATTATGTCATTGAGCTGCATAAAAAATAATC,hisq,schmidt_down,-,ecocyc,no,yes
argr,GTGATTTTTAATTCAATTAAAACGAATTTAAATTCATTC,hisq,schmidt_down,-,regdb,no,yes
argr,GTTCTGCATTTTTATTCCTTTTTGCCCCAACGGCATTCG,hisq,schmidt_down,-,regdb,no,yes
argr,GTTCTGCATTTTTATTCCTTTTTGCCCCAACGGCATTCGC,hisq,schmidt_down,-,ecocyc,no,yes
argr,GTTTGGTTATAACTCCTTG,hisq,schmidt_down,-,ecocyc,no,yes
argr,GTTTTCTTTTATTCTGTTATATTGCATTTTTATTCACTT,hisq,schmidt_down,-,regdb,no,yes
argr,TAACAAATGGTTATTCATTAATCCTGCCATAAACTCGCG,hisq,schmidt_down,-,regdb,no,yes
argr,TAACAAATGGTTATTCATTAATCCTGCCATAAACTCGCGT,hisq,schmidt_down,-,ecocyc,no,yes
argr,TAATGAAAAATAATACGTC,hisq,schmidt_down,-,ecocyc,no,yes
argr,TAGAGGAAAAGTAGCGAGAAATTCTGCATGGTTATGCATA,hisq,schmidt_down,-,ecocyc,no,yes
argr,TAGTGATTTTTTATGCATA,hisq,schmidt_down,-,ecocyc,no,yes
argr,TAGTGTATTTTTATTCATA,hisq,schmidt_down,-,ecocyc,no,yes
argr,TATGAATAAAAATACACT,hisq,schmidt_down,-,regdb,no,yes
argr,TATGCACAATAATGTTGT,hisq,schmidt_down,-,regdb,no,yes
argr,TATGCACAATAATGTTGTA,hisq,schmidt_down,-,ecocyc,no,yes
argr,TATGCACTTTAAATGCATA,hisq,schmidt_down,-,ecocyc,no,yes
argr,TATGCATAACATTTCCTT,hisq,schmidt_down,-,regdb,no,yes
argr,TATGCATGAAATTTCGGTAATTTTGATTGATTATGCAGT,hisq,schmidt_down,-,regdb,no,yes
argr,TATGCTTGATATTGCACTCTCTTTGCATTTTGATTCACA,hisq,schmidt_down,-,regdb,no,yes
argr,TATTGCATAATTATTCTGT,hisq,schmidt_down,-,ecocyc,no,yes
argr,TATTGCATATAAATTCACT,hisq,schmidt_down,-,ecocyc,no,yes
argr,TCAAATAAAAATGCATATACCTTGACTTTTAATTCAAAT,hisq,schmidt_down,-,regdb,no,yes
argr,TCTTGCTTAACTGCGCTGCATCAATGAATTGCGCCATCC,hisq,schmidt_down,-,regdb,no,yes
argr,TCTTGCTTAACTGCGCTGCATCAATGAATTGCGCCATCCC,hisq,schmidt_down,-,ecocyc,no,yes
argr,TGGTGCATAAACTTTCATATGCAACGCATGAATATAAATA,hisq,schmidt_down,-,ecocyc,no,yes
argr,TGTGAATCAAAATGCAAAGAGAGTGCAATATCAAGCATAG,hisq,schmidt_down,-,ecocyc,no,yes
argr,TGTGAATGAATATCCAGT,hisq,schmidt_down,-,regdb,no,yes
argr,TGTGAATGAATATCCAGTT,hisq,schmidt_down,-,ecocyc,no,yes
argr,TGTGAATTAATATGCAAA,hisq,schmidt_down,-,regdb,no,yes
argr,TGTGAATTAATATGCAAAT,hisq,schmidt_down,-,ecocyc,no,yes
argr,TGTGGTTATAATTTCACA,hisq,schmidt_down,-,regdb,no,yes
argr,TTAAATTATTTAATCATG,hisq,schmidt_down,-,regdb,no,yes
argr,TTATGCATAACATTTCCTT,hisq,schmidt_down,-,ecocyc,no,yes
argr,TTATGCATGAAATTTCGGTAATTTTGATTGATTATGCAGT,hisq,schmidt_down,-,ecocyc,no,yes
argr,TTCGAATAATCATGCAAA,hisq,schmidt_down,-,regdb,no,yes
argr,TTCGAATAATCATGCAAAG,hisq,schmidt_down,-,ecocyc,no,yes
argr,TTGGGAATAATTATTCAGCTCTTTTGCGTAATTCTGAAGA,hisq,schmidt_down,-,ecocyc,no,yes
argr,TTGTGGTTATAATTTCACA,hisq,schmidt_down,-,ecocyc,no,yes
argr,TTTAAATTATTTAATCATG,hisq,schmidt_down,-,ecocyc,no,yes
argr,TTTAACTTTTAAAGCAGA,hisq,schmidt_down,-,regdb,no,yes
argr,TTTGCATAAAAATTCAGT,hisq,schmidt_down,-,regdb,no,yes
argr,TTTGCATAAAAATTCAGTG,hisq,schmidt_down,-,ecocyc,no,yes
argr,TTTGCATAAAAATTCATC,hisq,schmidt_down,-,regdb,no,yes
argr,TTTGCATAAAAATTCATCT,hisq,schmidt_down,-,ecocyc,no,yes
argr,TTTGGTTATAACTCCTTG,hisq,schmidt_down,-,regdb,no,yes
argr,TTTTAACTTTTAAAGCAGA,hisq,schmidt_down,-,ecocyc,no,yes
argr,TTTTGAATAAGCATGTGGCGAAAACAGATTTTTATTTAT,hisq,schmidt_down,-,regdb,no,yes
argr,TTTTGAATAAGCATGTGGCGAAAACAGATTTTTATTTATA,hisq,schmidt_down,-,ecocyc,no,yes
basr,AAAATTCCTGAAATCTTAAG,arna_csgg,schmidt_down,+,regdb,no,no
basr,AAACTTAATAAAACCTTAAG,arna_csgg,schmidt_down,+,regdb,no,no
basr,AACATTAAGGAGTAATTGAA,arna_csgg,schmidt_down,+,regdb,no,no
basr,AACCTTAAGAAAACCTTAAG,arna_csgg,schmidt_down,+,regdb,no,no
basr,AACCTTAAGAAAACCTTAAGA,arna_csgg,schmidt_down,+,ecocyc,no,no
basr,ACTTAAGGTTGGCTTAATTTT,arna_csgg,schmidt_down,+,ecocyc,no,no
basr,ATATTTCACGATAACGTTAAG,arna_csgg,schmidt_down,+,ecocyc,no,no
basr,ATTAAATTTTGCTGAATTTT,arna_csgg,schmidt_down,+,regdb,no,no
basr,ATTAAATTTTGCTGAATTTTT,arna_csgg,schmidt_down,+,ecocyc,no,no
basr,CAAAATTCCTGAAATCTTAAG,arna_csgg,schmidt_down,+,ecocyc,no,no
basr,CTTAACAACTTCTTAAGGGA,arna_csgg,schmidt_down,+,regdb,no,no
basr,CTTAACAACTTCTTAAGGGAA,arna_csgg,schmidt_down,+,ecocyc,no,no
basr,CTTAAGGTTAAGTTAATATT,arna_csgg,schmidt_down,+,regdb,no,no
basr,CTTAAGGTTAAGTTAATATTC,arna_csgg,schmidt_down,+,ecocyc,no,no
basr,CTTAAGGTTGGCTTAATTTT,arna_csgg,schmidt_down,+,regdb,no,no
basr,CTTAATAGTTTCTTAATACA,arna_csgg,schmidt_down,+,regdb,no,no
basr,CTTAATGGTAAATTCAGTAA,arna_csgg,schmidt_down,+,regdb,no,no
basr,CTTAATGGTAAATTCAGTAAT,arna_csgg,schmidt_down,+,ecocyc,no,no
basr,GAACATTAAGGAGTAATTGAA,arna_csgg,schmidt_down,+,ecocyc,no,no
basr,GCTTAATAGTTTCTTAATACA,arna_csgg,schmidt_down,+,ecocyc,no,no
basr,TAAACTTAATAAAACCTTAAG,arna_csgg,schmidt_down,+,ecocyc,no,no
basr,TATTTCACGATAACGTTAAG,arna_csgg,schmidt_down,+,regdb,no,no
bira,AGACTTGTAAACCTAAATCTTTTCAATTTGGTTTACAAGTC,bioc,schmidt_down,-,ecocyc,no,no
bira,GACTTGTAAACCAAATTGAAAAGATTTAGGTTTACAAGTC,bioc,schmidt_down,-,regdb,no,no
bira,GACTTGTAAACCTAAATCTTTTCAATTTGGTTTACAAGTC,bioc,schmidt_down,-,regdb,no,no
bola,CTCGCCAGA,csgg_fimh,schmidt_down,+,ecocyc,no,no
bola,TCGCCAGA,csgg_fimh,schmidt_down,+,regdb,no,no
btsr,AAACGCTAAACT,csgg,schmidt_down,-,ecocyc,no,no
btsr,AACGCTAAACT,csgg,schmidt_down,-,regdb,no,no
btsr,AATGTTGCGCT,csgg,schmidt_down,-,regdb,no,no
btsr,ACCGCTTACATCCCTAAAATAACCACTCA,csgg,schmidt_down,-,regdb,no,no
btsr,AGCCGTTAACT,csgg,schmidt_down,-,regdb,no,no
btsr,AGTGAATCGGT,csgg,schmidt_down,-,regdb,no,no
btsr,AGTGAATCGGTT,csgg,schmidt_down,-,ecocyc,no,no
btsr,ATCACAAAATT,csgg,schmidt_down,-,regdb,no,no
btsr,ATCACAAAATTG,csgg,schmidt_down,-,ecocyc,no,no
btsr,ATTCATCAATT,csgg,schmidt_down,-,regdb,no,no
btsr,ATTCTTGAGAT,csgg,schmidt_down,-,regdb,no,no
btsr,ATTTAAGATTT,csgg,schmidt_down,-,regdb,no,no
btsr,ATTTCTTAAAT,csgg,schmidt_down,-,regdb,no,no
btsr,ATTTCTTAAATG,csgg,schmidt_down,-,ecocyc,no,no
btsr,CATTCATCAATT,csgg,schmidt_down,-,ecocyc,no,no
btsr,CATTCTTGAGAT,csgg,schmidt_down,-,ecocyc,no,no
btsr,CATTTAGGGCT,csgg,schmidt_down,-,regdb,no,no
btsr,CCATTTAGGGCT,csgg,schmidt_down,-,ecocyc,no,no
btsr,CCCTTTGGGGA,csgg,schmidt_down,-,regdb,no,no
btsr,GAATGTTGCGCT,csgg,schmidt_down,-,ecocyc,no,no
btsr,GACCGCTTACATCCCTAAAATAACCACTCA,csgg,schmidt_down,-,ecocyc,no,no
btsr,GATTTAAGATTT,csgg,schmidt_down,-,ecocyc,no,no
btsr,TAGCCGTTAACT,csgg,schmidt_down,-,ecocyc,no,no
btsr,TCCCTTTGGGGA,csgg,schmidt_down,-,ecocyc,no,no
caif,ATCACCAATATTGAAA,caid,schmidt_down,+,regdb,no,no
caif,CCTCACCAATATTGAAA,caid,schmidt_down,+,ecocyc,no,no
caif,CTCACCAATATTGAAA,caid,schmidt_down,+,regdb,no,no
caif,CTTAACAATATTGAAA,caid,schmidt_down,+,regdb,no,no
caif,CTTAACAATATTGAAAG,caid,schmidt_down,+,ecocyc,no,no
caif,GATCACCAATATTGAAA,caid,schmidt_down,+,ecocyc,no,no
caif,TAAAACAATATTGAAA,caid,schmidt_down,+,regdb,no,no
caif,TAAAACAATATTGAAAA,caid,schmidt_down,+,ecocyc,no,no
caif,TTTCAATATTGGTGAG,caid,schmidt_down,+,regdb,no,no
caif,TTTCAATATTGGTGAT,caid,schmidt_down,+,regdb,no,no
caif,TTTCAATATTGTTAAG,caid,schmidt_down,+,regdb,no,no
caif,TTTCAATATTGTTTTA,caid,schmidt_down,+,regdb,no,no
cecr,CTTAATCAATCATTTGATTAA,rhle,schmidt_down,+,ecocyc,no,no
cecr,TTAATCAAATGATTGATTAA,rhle,schmidt_down,+,regdb,no,no
cecr,TTAATCAATCATTTGATTAA,rhle,schmidt_down,+,regdb,no,no
csgd,AAAAAAGAAAAATA,csgg,schmidt_down,+,regdb,no,yes
csgd,AAAAAAGAAAAATAC,csgg,schmidt_down,+,ecocyc,no,yes
csgd,AAAACGCGATGAGAT,csgg,schmidt_down,+,ecocyc,no,yes
csgd,AAAAGCGCCCTCAA,csgg,schmidt_down,+,regdb,no,yes
csgd,AAACAGGGAGTAAAA,csgg,schmidt_down,+,ecocyc,no,yes
csgd,AAACGCGATGAGAT,csgg,schmidt_down,+,regdb,no,yes
csgd,AAACGGATAATCAT,csgg,schmidt_down,+,regdb,no,yes
csgd,AAAGGCGCTAAATA,csgg,schmidt_down,+,regdb,no,yes
csgd,AAATGTACAACTTTT,csgg,schmidt_down,+,ecocyc,no,yes
csgd,AACAGGGAGTAAAA,csgg,schmidt_down,+,regdb,no,yes
csgd,AAGAAGTGCCAGACT,csgg,schmidt_down,+,ecocyc,no,yes
csgd,AAGTTATCACCATT,csgg,schmidt_down,+,regdb,no,yes
csgd,AATAAGCAACACATG,csgg,schmidt_down,+,ecocyc,no,yes
csgd,AATGTACAACTTTT,csgg,schmidt_down,+,regdb,no,yes
csgd,AGAAGTGCCAGACT,csgg,schmidt_down,+,regdb,no,yes
csgd,AGAATAGATATCAT,csgg,schmidt_down,+,regdb,no,yes
csgd,AGATGTAATCCATTA,csgg,schmidt_down,+,ecocyc,no,yes
csgd,ATAAGCAACACATG,csgg,schmidt_down,+,regdb,no,yes
csgd,ATAAGCCGCTCTTAT,csgg,schmidt_down,+,ecocyc,no,yes
csgd,ATATTTTACCCATTT,csgg,schmidt_down,+,ecocyc,no,yes
csgd,CGGGTGAGTTA,csgg,schmidt_down,+,regdb,no,yes
csgd,CGGGTGAGTTAT,csgg,schmidt_down,+,ecocyc,no,yes
csgd,CGGGTGATCGA,csgg,schmidt_down,+,regdb,no,yes
csgd,CTAATACGAATGAAT,csgg,schmidt_down,+,ecocyc,no,yes
csgd,CTATTTAGCGCCTTT,csgg,schmidt_down,+,ecocyc,no,yes
csgd,GAAACGGATAATCAT,csgg,schmidt_down,+,ecocyc,no,yes
csgd,GAGAATAGATATCAT,csgg,schmidt_down,+,ecocyc,no,yes
csgd,GATATGGCAAAATA,csgg,schmidt_down,+,regdb,no,yes
csgd,GATGTAATCCATTA,csgg,schmidt_down,+,regdb,no,yes
csgd,GCGGGTGATCGA,csgg,schmidt_down,+,ecocyc,no,yes
csgd,GTAAGTCAATAAGA,csgg,schmidt_down,+,regdb,no,yes
csgd,GTCTTATTGACTTAC,csgg,schmidt_down,+,ecocyc,no,yes
csgd,GTTTTAATACTTTG,csgg,schmidt_down,+,regdb,no,yes
csgd,GTTTTAATACTTTGG,csgg,schmidt_down,+,ecocyc,no,yes
csgd,TAAAAGCGCCCTCAA,csgg,schmidt_down,+,ecocyc,no,yes
csgd,TAACGGGTGAGCTA,csgg,schmidt_down,+,regdb,no,yes
csgd,TAACGGGTGAGCTAC,csgg,schmidt_down,+,ecocyc,no,yes
csgd,TAAGCCGCTCTTAT,csgg,schmidt_down,+,regdb,no,yes
csgd,TAAGTTATCACCATT,csgg,schmidt_down,+,ecocyc,no,yes
csgd,TAATACGAATGAAT,csgg,schmidt_down,+,regdb,no,yes
csgd,TATATTCCACTTTT,csgg,schmidt_down,+,regdb,no,yes
csgd,TATTAAAAATATTT,csgg,schmidt_down,+,regdb,no,yes
csgd,TATTAAAAATATTTC,csgg,schmidt_down,+,ecocyc,no,yes
csgd,TATTTAGCGCCTTT,csgg,schmidt_down,+,regdb,no,yes
csgd,TATTTTACCCATTT,csgg,schmidt_down,+,regdb,no,yes
csgd,TCTTATTGACTTAC,csgg,schmidt_down,+,regdb,no,yes
csgd,TGATATGGCAAAATA,csgg,schmidt_down,+,ecocyc,no,yes
csgd,TGGCTCACCCG,csgg,schmidt_down,+,regdb,no,yes
csgd,TGGCTCACCCGA,csgg,schmidt_down,+,ecocyc,no,yes
csgd,TTATATTCCACTTTT,csgg,schmidt_down,+,ecocyc,no,yes
cusr,AATAAAAGTTTGGGAT,cusf_cusr,schmidt_down,+,regdb,no,no
cusr,AATGACAAAATTGTCAT,cusf_cusr,schmidt_down,+,ecocyc,no,no
cusr,ATGACAAAATTGTCAT,cusf_cusr,schmidt_down,+,regdb,no,no
cusr,ATGACAATTTTGTCAT,cusf_cusr,schmidt_down,+,regdb,no,no
cusr,ATTACAAAATTGTAAT,cusf_cusr,schmidt_down,+,regdb,no,no
cusr,ATTACAAAATTGTAATG,cusf_cusr,schmidt_down,+,ecocyc,no,no
cusr,CAATAAAAGTTTGGGAT,cusf_cusr,schmidt_down,+,ecocyc,no,no
cysb,AAGCACTTTTTGATATTAGCTTTGCCAAATCGTTATTCCGTTA,cbl,schmidt_down,+,ecocyc,no,yes
cysb,AATAGTCCCCTATGAACTTTATAATTCCTACCGTGACTTTCT,cbl,schmidt_down,+,regdb,no,yes
cysb,ACAGGTTAGTCGATTTGGTTATTAGTTATCGCTATCCCGTCTT,cbl,schmidt_down,+,ecocyc,no,yes
cysb,AGATAATCCCCAATGACCTTTCATCCTCTATTCTTAAAATAGT,cbl,schmidt_down,+,ecocyc,no,yes
cysb,AGCACTTTTTGATATTAGCTTTGCCAAATCGTTATTCCGTTA,cbl,schmidt_down,+,regdb,no,yes
cysb,ATATTTGGAATTTTCTTGTCTCTCCGACAGACTGACCGAATT,cbl,schmidt_down,+,regdb,no,yes
cysb,CAGGTTAGTCGATTTGGTTATTAGTTATCGCTATCCCGTCTT,cbl,schmidt_down,+,regdb,no,yes
cysb,CATCTGTGCGATAACGACTAATTCTTTTAATGAATGTTTTTA,cbl,schmidt_down,+,regdb,no,yes
cysb,CATCTGTGCGATAACGACTAATTCTTTTAATGAATGTTTTTAT,cbl,schmidt_down,+,ecocyc,no,yes
cysb,CGGAGTAATTGCATATTTAATCTTTCCTTAGCCGTTTTTTTG,cbl,schmidt_down,+,regdb,no,yes
cysb,CGGAGTAATTGCATATTTAATCTTTCCTTAGCCGTTTTTTTGC,cbl,schmidt_down,+,ecocyc,no,yes
cysb,CTTATTCCCTTTTCAACTTCCAAATCACCAAACGGTATATA,cbl,schmidt_down,+,regdb,no,yes
cysb,GAATAGTCCCCTATGAACTTTATAATTCCTACCGTGACTTTCT,cbl,schmidt_down,+,ecocyc,no,yes
cysb,GATAATCCCCAATGACCTTTCATCCTCTATTCTTAAAATAGT,cbl,schmidt_down,+,regdb,no,yes
cysb,GGGTATTGGGTTATGCTATTTGTCATCCTTTTATTTACGATAA,cbl,schmidt_down,+,ecocyc,no,yes
cysb,GGTATTGGGTTATGCTATTTGTCATCCTTTTATTTACGATAA,cbl,schmidt_down,+,regdb,no,yes
cysb,GTTATACCTTTCTGATATTTGTTATCGCCGATCCGTCTTTCT,cbl,schmidt_down,+,regdb,no,yes
cysb,GTTGATGCTTCTGCTAATTCATTATTTATATTTATAATTTCA,cbl,schmidt_down,+,regdb,no,yes
cysb,GTTGATGCTTCTGCTAATTCATTATTTATATTTATAATTTCAA,cbl,schmidt_down,+,ecocyc,no,yes
cysb,TAGTGGTTATAGTTAGCACCTTTTTTATTATTAAATCGTATTAGTC,cbl,schmidt_down,+,regdb,no,yes
cysb,TAGTGGTTATAGTTAGCACCTTTTTTATTATTAAATCGTATTAGTCA,cbl,schmidt_down,+,ecocyc,no,yes
cysb,TATATTTGGAATTTTCTTGTCTCTCCGACAGACTGACCGAATT,cbl,schmidt_down,+,ecocyc,no,yes
cysb,TCTTATTCCCTTTTCAACTTCCAAATCACCAAACGGTATATA,cbl,schmidt_down,+,ecocyc,no,yes
cysb,TGAAATATTCAATAATAGTGATGAATGGGCAAATCAACTAAA,cbl,schmidt_down,+,regdb,no,yes
cysb,TGAAATATTCAATAATAGTGATGAATGGGCAAATCAACTAAAA,cbl,schmidt_down,+,ecocyc,no,yes
cysb,TGATGTTACCGTGGAAGATATTTACATCGGCAATGGTGTATC,cbl,schmidt_down,+,regdb,no,yes
cysb,TGATGTTACCGTGGAAGATATTTACATCGGCAATGGTGTATCG,cbl,schmidt_down,+,ecocyc,no,yes
cysb,TGATTTTAGCAATAGTGATTCAGGAGGGCCAAACCGAAGAAC,cbl,schmidt_down,+,regdb,no,yes
cysb,TGATTTTAGCAATAGTGATTCAGGAGGGCCAAACCGAAGAACA,cbl,schmidt_down,+,ecocyc,no,yes
cysb,TGTTATACCTTTCTGATATTTGTTATCGCCGATCCGTCTTTCT,cbl,schmidt_down,+,ecocyc,no,yes
cysb,TTATTTCCCTTCTGTATATAGATATGCTAAATCCTTACTT,cbl,schmidt_down,+,regdb,no,yes
cysb,TTATTTCCCTTCTGTATATAGATATGCTAAATCCTTACTTC,cbl,schmidt_down,+,ecocyc,no,yes
cysb,TTTTATTATATGTATTGATATTGATAGAAATAATGAAGTAAT,cbl,schmidt_down,+,regdb,no,yes
cysb,TTTTATTATATGTATTGATATTGATAGAAATAATGAAGTAATA,cbl,schmidt_down,+,ecocyc,no,yes
dnaa,ATATCCACA,recf,schmidt_down,±,regdb,no,no
dnaa,ATATCCACAG,recf,schmidt_down,±,ecocyc,no,no
dnaa,ATCGGGAAAA,recf,schmidt_down,±,ecocyc,no,no
dnaa,CTGTACACA,recf,schmidt_down,±,regdb,no,no
dnaa,CTGTACACAA,recf,schmidt_down,±,ecocyc,no,no
dnaa,CTGTGAGAAA,recf,schmidt_down,±,ecocyc,no,no
dnaa,CTGTGGATAA,recf,schmidt_down,±,ecocyc,no,no
dnaa,GATAAATCG,recf,schmidt_down,±,regdb,no,no
dnaa,GGATAAATCG,recf,schmidt_down,±,ecocyc,no,no
dnaa,GTTAATTAA,recf,schmidt_down,±,regdb,no,no
dnaa,GTTAATTAAC,recf,schmidt_down,±,ecocyc,no,no
dnaa,GTTATGCAC,recf,schmidt_down,±,regdb,no,no
dnaa,GTTATGCACT,recf,schmidt_down,±,ecocyc,no,no
dnaa,TATCCACAA,recf,schmidt_down,±,regdb,no,no
dnaa,TATCCACAT,recf,schmidt_down,±,regdb,no,no
dnaa,TATCCACATG,recf,schmidt_down,±,ecocyc,no,no
dnaa,TATGGAAAA,recf,schmidt_down,±,regdb,no,no
dnaa,TATGGAAAAT,recf,schmidt_down,±,ecocyc,no,no
dnaa,TCGGGAAAA,recf,schmidt_down,±,regdb,no,no
dnaa,TCTGGAAAG,recf,schmidt_down,±,regdb,no,no
dnaa,TGGGGATAA,recf,schmidt_down,±,regdb,no,no
dnaa,TGGGGATAAC,recf,schmidt_down,±,ecocyc,no,no
dnaa,TGTATATAA,recf,schmidt_down,±,regdb,no,no
dnaa,TGTATATAAA,recf,schmidt_down,±,ecocyc,no,no
dnaa,TGTGAGAAA,recf,schmidt_down,±,regdb,no,no
dnaa,TGTGGATAA,recf,schmidt_down,±,regdb,no,no
dnaa,TGTGGATAAC,recf,schmidt_down,±,ecocyc,no,no
dnaa,TGTGTATTA,recf,schmidt_down,±,regdb,no,no
dnaa,TGTGTATTAG,recf,schmidt_down,±,ecocyc,no,no
dnaa,TGTTAAAAA,recf,schmidt_down,±,regdb,no,no
dnaa,TGTTAAAAAA,recf,schmidt_down,±,ecocyc,no,no
dnaa,TTATCCACA,recf,schmidt_down,±,regdb,no,no
dnaa,TTATCCACAA,recf,schmidt_down,±,ecocyc,no,no
dnaa,TTATCCACAG,recf,schmidt_down,±,ecocyc,no,no
dnaa,TTATCCACT,recf,schmidt_down,±,regdb,no,no
dnaa,TTATCCACTA,recf,schmidt_down,±,ecocyc,no,no
dnaa,TTATCCAGT,recf,schmidt_down,±,regdb,no,no
dnaa,TTATCCAGTA,recf,schmidt_down,±,ecocyc,no,no
dnaa,TTATTCACA,recf,schmidt_down,±,regdb,no,no
dnaa,TTCTGGAAAG,recf,schmidt_down,±,ecocyc,no,no
dnaa,TTGTGGATAA,recf,schmidt_down,±,ecocyc,no,no
dnaa,TTTATTCACA,recf,schmidt_down,±,ecocyc,no,no
dnaa,TTTTCACAC,recf,schmidt_down,±,regdb,no,no
dnaa,TTTTCACACT,recf,schmidt_down,±,ecocyc,no,no
dnaa,TTTTGCTCA,recf,schmidt_down,±,regdb,no,no
dnaa,TTTTGCTCAT,recf,schmidt_down,±,ecocyc,no,no
dpia,AAAATCATTAAATAAATAAAAAA,dpia,schmidt_down,+,regdb,no,no
dpia,GATTTAATTGATTTAATGAATAA,dpia,schmidt_down,+,regdb,no,no
dpia,GATTTAATTGATTTAATGAATAAA,dpia,schmidt_down,+,ecocyc,no,no
dpia,TTATTCATTAAATCAATTAAATC,dpia,schmidt_down,+,regdb,no,no
dpia,TTCGTAATTACATTAATTAAAAA,dpia,schmidt_down,+,regdb,no,no
dpia,TTTTTAATTAATGTAATTACGAA,dpia,schmidt_down,+,regdb,no,no
dpia,TTTTTAATTAATGTAATTACGAAA,dpia,schmidt_down,+,ecocyc,no,no
dpia,TTTTTTATTTATTTAATGATTTT,dpia,schmidt_down,+,regdb,no,no
dpia,TTTTTTATTTATTTAATGATTTTA,dpia,schmidt_down,+,ecocyc,no,no
evga,AATCCTACAGGCGTAAGAA,ydep,schmidt_down,+,ecocyc,no,no
evga,AGCCTACACCTGTAAGAA,ydep,schmidt_down,+,regdb,no,no
evga,ATAACTACAACTGTAAGAT,ydep,schmidt_down,+,ecocyc,no,no
evga,ATCCTACAGGCGTAAGAA,ydep,schmidt_down,+,regdb,no,no
evga,ATTCCTACAATTGTAAGAC,ydep,schmidt_down,+,ecocyc,no,no
evga,ATTCCTACTTATGTAGGAA,ydep,schmidt_down,+,ecocyc,no,no
evga,CTCCTACTGACCAAAGAA,ydep,schmidt_down,+,regdb,no,no
evga,CTCCTACTGACCAAAGAAT,ydep,schmidt_down,+,ecocyc,no,no
evga,CTGCCTACAGCTGTAAGAA,ydep,schmidt_down,+,ecocyc,no,no
evga,CTTCTTACAGTTGTAAGAA,ydep,schmidt_down,+,ecocyc,no,no
evga,TAACTACAACTGTAAGAT,ydep,schmidt_down,+,regdb,no,no
evga,TAGCCTACACCTGTAAGAA,ydep,schmidt_down,+,ecocyc,no,no
evga,TGCCTACAGCTGTAAGAA,ydep,schmidt_down,+,regdb,no,no
evga,TTCCTACAATTGTAAGAC,ydep,schmidt_down,+,regdb,no,no
evga,TTCCTACTTATGTAGGAA,ydep,schmidt_down,+,regdb,no,no
evga,TTCTTACAGTTGTAAGAA,ydep,schmidt_down,+,regdb,no,no
evga,TTCTTACGCCTGTAGGAT,ydep,schmidt_down,+,regdb,no,no
fhla,ACGTCAAAACTGACG,hyca,schmidt_down,+,ecocyc,no,yes
fhla,ACGTCGACACGGCGA,hyca,schmidt_down,+,ecocyc,no,yes
fhla,ATGTCGAAATGACA,hyca,schmidt_down,+,ecocyc,no,yes
fhla,CGTCAAAACTGACG,hyca,schmidt_down,+,regdb,no,yes
fhla,CGTCGACACGGCGA,hyca,schmidt_down,+,regdb,no,yes
fhla,CTGTCACGCGGTATT,hyca,schmidt_down,+,ecocyc,no,yes
fhla,GCGACACGGGTGTC,hyca,schmidt_down,+,regdb,no,yes
fhla,GCGACACGGGTGTCG,hyca,schmidt_down,+,ecocyc,no,yes
fhla,TGTCACGCGGTATT,hyca,schmidt_down,+,regdb,no,yes
fhla,TGTCATTTTCGACA,hyca,schmidt_down,+,regdb,no,yes
fhla,TGTCATTTTCGACAC,hyca,schmidt_down,+,ecocyc,no,yes
fhla,TGTCATTTTTGACG,hyca,schmidt_down,+,regdb,no,yes
fhla,TGTCATTTTTGACGA,hyca,schmidt_down,+,ecocyc,no,yes
fhla,TGTCGAAATGACA,hyca,schmidt_down,+,regdb,no,yes
flhdc,AAAGCGCAGCAACGCGTCGTGCCCTCACCGGTCTTCTACGCGCT,flge,schmidt_down,+,regdb,no,no
flhdc,AAAGCGCAGCAACGCGTCGTGCCCTCACCGGTCTTCTACGCGCTG,flge,schmidt_down,+,ecocyc,no,no
flhdc,AAATGGCGAAGAAACGGTCTAAATAGGCTGATTCAAGGCATT,flge,schmidt_down,+,regdb,no,no
flhdc,AACGCCGTCCATAATCAGCCACGAGGTGCGCGATGAATGCGACT,flge,schmidt_down,+,regdb,no,no
flhdc,AACGCCGTCCATAATCAGCCACGAGGTGCGCGATGAATGCGACTG,flge,schmidt_down,+,ecocyc,no,no
flhdc,AATGCCTGCGCTACGTTGAAAGAGGCAGGTGCTTGCGGGGTT,flge,schmidt_down,+,regdb,no,no
flhdc,AATGCCTGCGCTACGTTGAAAGAGGCAGGTGCTTGCGGGGTTT,flge,schmidt_down,+,ecocyc,no,no
flhdc,AATGCTGTCAAAAGGCGTATTGTCAGCGCGTCTTTTCAACCTTAT,flge,schmidt_down,+,ecocyc,no,no
flhdc,ACAGGCAACAACAACCGATGAACTGGCTTTCACAAGGCCGTA,flge,schmidt_down,+,regdb,no,no
flhdc,ACAGGCAACAACAACCGATGAACTGGCTTTCACAAGGCCGTAT,flge,schmidt_down,+,ecocyc,no,no
flhdc,AGCGCCCGCAATACCGGTGAGAAAGGCAACGATTAAAAACGCC,flge,schmidt_down,+,regdb,no,no
flhdc,AGTCGCATTCATCGCGCACCTCGTGGCTGATTATGGACGGCGTT,flge,schmidt_down,+,regdb,no,no
flhdc,ATCTGGTTAAACTGATGGCGGAACTCGAGTAATTTCCCGGGTT,flge,schmidt_down,+,regdb,no,no
flhdc,ATCTGGTTAAACTGATGGCGGAACTCGAGTAATTTCCCGGGTTC,flge,schmidt_down,+,ecocyc,no,no
flhdc,CAAAAGCCCTAAATCCCGCCTGTTTTGCCCCTTACTCAAACCATTG,flge,schmidt_down,+,regdb,no,no
flhdc,CAAAGGCGCTAAATAGCAACAAAAAAACGGGTTTATTGGCGGATAG,flge,schmidt_down,+,regdb,no,no
flhdc,CAAAGGCGCTAAATAGCAACAAAAAAACGGGTTTATTGGCGGATAGA,flge,schmidt_down,+,ecocyc,no,no
flhdc,CAACGGCATAAATAGCGACCCATTTTGCGTTTATTCCGCCGAT,flge,schmidt_down,+,regdb,no,no
flhdc,CAACGGCATAAATAGCGACCCATTTTGCGTTTATTCCGCCGATA,flge,schmidt_down,+,ecocyc,no,no
flhdc,CACGCCAGAGAAACCGCGCTACGTTGCCGGTGTTCTCGGCCCGA,flge,schmidt_down,+,ecocyc,no,no
flhdc,CGGGCCGAGAACACCGGCAACGTAGCGCGGTTTCTCTGGCGTG,flge,schmidt_down,+,regdb,no,no
flhdc,CTATCCGCCAATAAACCCGTTTTTTTGTTGCTATTTAGCGCCTTTG,flge,schmidt_down,+,regdb,no,no
flhdc,CTTCGGCTACTTGCCGCGTTAATCCTCCCGCAATTTTACGACTAA,flge,schmidt_down,+,ecocyc,no,no
flhdc,GATGGCAAGAAATAGCGCCTGCCAGGCGTCTTTTCCGGCCATTG,flge,schmidt_down,+,regdb,no,no
flhdc,GATGGCAAGAAATAGCGCCTGCCAGGCGTCTTTTCCGGCCATTGT,flge,schmidt_down,+,ecocyc,no,no
flhdc,GCAAAAGCCCTAAATCCCGCCTGTTTTGCCCCTTACTCAAACCATTG,flge,schmidt_down,+,ecocyc,no,no
flhdc,GGCGTTTTTAATCGTTGCCTTTCTCACCGGTATTGCGGGCGCT,flge,schmidt_down,+,regdb,no,no
flhdc,GGCGTTTTTAATCGTTGCCTTTCTCACCGGTATTGCGGGCGCTC,flge,schmidt_down,+,ecocyc,no,no
flhdc,GTAACCCCCAAATAACCCCTCATTTCACCCACTAATCGTCCGATTA,flge,schmidt_down,+,regdb,no,no
flhdc,GTTATCGGCGGAATAAACGCAAAATGGGTCGCTATTTATGCCGTTG,flge,schmidt_down,+,ecocyc,no,no
flhdc,TAAATGGCGAAGAAACGGTCTAAATAGGCTGATTCAAGGCATT,flge,schmidt_down,+,ecocyc,no,no
flhdc,TAACGTCAGAGGTAGCACCGTAATCCGCGTCTTTTCCCCGCTTTG,flge,schmidt_down,+,regdb,no,no
flhdc,TAACGTCAGAGGTAGCACCGTAATCCGCGTCTTTTCCCCGCTTTGT,flge,schmidt_down,+,ecocyc,no,no
flhdc,TAAGGTTGAAAAGACGCGCTGACAATACGCCTTTTGACAGCATT,flge,schmidt_down,+,regdb,no,no
flhdc,TAGTCGCCGAAATACTCTTTTCTCTGCCCCTTATTCCCGCTATTA,flge,schmidt_down,+,regdb,no,no
flhdc,TAGTCGCCGAAATACTCTTTTCTCTGCCCCTTATTCCCGCTATTAA,flge,schmidt_down,+,ecocyc,no,no
flhdc,TAGTCGTAAAATTGCGGGAGGATTAACGCGGCAAGTAGCCGAAG,flge,schmidt_down,+,regdb,no,no
flhdc,TGTAACCCCCAAATAACCCCTCATTTCACCCACTAATCGTCCGATTA,flge,schmidt_down,+,ecocyc,no,no
flhdc,TTATCGGCGGAATAAACGCAAAATGGGTCGCTATTTATGCCGTTG,flge,schmidt_down,+,regdb,no,no
fliz,AAACCAGGTTATAACCTCAGTGTCGAAATTGATTCGTGACGGCTCTTTCACTTTAT,csgg,schmidt_down,-,ecocyc,no,no
fliz,AACCAGGTTATAACCTCAGTGTCGAAATTGATTCGTGACGGCTCTTTCACTTTAT,csgg,schmidt_down,-,regdb,no,no
fliz,AGGATGACATATTCGAAACGATAACGGCTAAGGAGCAAGTTATGATTTTTCTCATGAC,csgg,schmidt_down,-,regdb,no,no
fliz,AGGATGACATATTCGAAACGATAACGGCTAAGGAGCAAGTTATGATTTTTCTCATGACG,csgg,schmidt_down,-,ecocyc,no,no
fliz,ATTTTTTAACTGACTTTCGTTTGAAAACTGGCGTTTTTCCAAAACTGGA,csgg,schmidt_down,-,ecocyc,no,no
fliz,CAAAACTGCGTCTAAAGTTAAACCGGGAC,csgg,schmidt_down,-,regdb,no,no
fliz,CAAAACTGCGTCTAAAGTTAAACCGGGACC,csgg,schmidt_down,-,ecocyc,no,no
fliz,CGTCGATTTAGGAAAAATCTTAGATAAGTG,csgg,schmidt_down,-,ecocyc,no,no
fliz,GTCGATTTAGGAAAAATCTTAGATAAGTG,csgg,schmidt_down,-,regdb,no,no
fliz,TTTTTTAACTGACTTTCGTTTGAAAACTGGCGTTTTTCCAAAACTGGA,csgg,schmidt_down,-,regdb,no,no
frlr,GTCATGTTAC,frlb,schmidt_down,-,regdb,no,no
hprr,AATGACAAAATTGTCATT,cusf_cusr,schmidt_down,+,regdb,no,no
hprr,AATGACAATTTTGTCATT,cusf_cusr,schmidt_down,+,regdb,no,no
hprr,AATGACAATTTTGTCATTT,cusf_cusr,schmidt_down,+,ecocyc,no,no
hprr,ACAATAAAAGTTTGGGATG,cusf_cusr,schmidt_down,+,ecocyc,no,no
hprr,CAATAAAAGTTTGGGATG,cusf_cusr,schmidt_down,+,regdb,no,no
hprr,CATTACAAAATTGTAATG,cusf_cusr,schmidt_down,+,regdb,no,no
hprr,CATTACAAAATTGTAATGC,cusf_cusr,schmidt_down,+,ecocyc,no,no
ilvy,ATATCAATTTCCGCAAT,ilvy,schmidt_down,-,regdb,no,no
ilvy,ATTGCAATTTTTGCAAC,ilvy,schmidt_down,-,regdb,no,no
ilvy,ATTGCGGAAATTGATAT,ilvy,schmidt_down,-,regdb,no,no
ilvy,CATTGCAATTTTTGCAAC,ilvy,schmidt_down,-,ecocyc,no,no
ilvy,GTTGCAAAAATTGCAAT,ilvy,schmidt_down,-,regdb,no,no
ilvy,TATTGCGGAAATTGATAT,ilvy,schmidt_down,-,ecocyc,no,no
iscr,AAAGCCCCTGCGTTTGCTGGGTTGAA,nrdh,schmidt_down,+,ecocyc,no,yes
iscr,AAAGCCTTATTATTGATGAGGCTAT,nrdh,schmidt_down,+,regdb,no,yes
iscr,AAAGCCTTATTATTGATGAGGCTATC,nrdh,schmidt_down,+,ecocyc,no,yes
iscr,AAATCAATACACTTCAGGGGGGTAT,nrdh,schmidt_down,+,regdb,no,yes
iscr,AAATCAATACACTTCAGGGGGGTATT,nrdh,schmidt_down,+,ecocyc,no,yes
iscr,AACCATTATCTAACAATGAGATACC,nrdh,schmidt_down,+,regdb,no,yes
iscr,AAGCCCCTGCGTTTGCTGGGTTGAA,nrdh,schmidt_down,+,regdb,no,yes
iscr,AATACCCGACTAAATCAGTCAAGTAA,nrdh,schmidt_down,+,ecocyc,no,yes
iscr,AATAGTTGACCAATTTACTCGGGAAT,nrdh,schmidt_down,+,ecocyc,no,yes
iscr,ATAACCAACTAAAATAGTCAACTAT,nrdh,schmidt_down,+,regdb,no,yes
iscr,ATAACCAACTAAAATAGTCAACTATT,nrdh,schmidt_down,+,ecocyc,no,yes
iscr,ATAACCATTTGAAATGTGAGCAAAA,nrdh,schmidt_down,+,regdb,no,yes
iscr,ATAACCCTTCTGTTTGCTGGTGTTT,nrdh,schmidt_down,+,regdb,no,yes
iscr,ATACCCGACTAAATCAGTCAAGTAA,nrdh,schmidt_down,+,regdb,no,yes
iscr,ATACTTGAACGAAATACCAGGGTAT,nrdh,schmidt_down,+,regdb,no,yes
iscr,ATACTTGAACGAAATACCAGGGTATT,nrdh,schmidt_down,+,ecocyc,no,yes
iscr,ATAGTTGACCAATTTACTCGGGAAT,nrdh,schmidt_down,+,regdb,no,yes
iscr,ATCCACACAGTTTGTATTGTTTTGT,nrdh,schmidt_down,+,regdb,no,yes
iscr,ATCCACACAGTTTGTATTGTTTTGTG,nrdh,schmidt_down,+,ecocyc,no,yes
iscr,CTGTTAACCCACACATCAGGGTCTAT,nrdh,schmidt_down,+,ecocyc,no,yes
iscr,GATAACCCTTCTGTTTGCTGGTGTTT,nrdh,schmidt_down,+,ecocyc,no,yes
iscr,TAAATCCACACAGTTTGTATTGTTT,nrdh,schmidt_down,+,regdb,no,yes
iscr,TAAATCCACACAGTTTGTATTGTTTT,nrdh,schmidt_down,+,ecocyc,no,yes
iscr,TAACCATTATCTAACAATGAGATACC,nrdh,schmidt_down,+,ecocyc,no,yes
iscr,TATAACCATTTGAAATGTGAGCAAAA,nrdh,schmidt_down,+,ecocyc,no,yes
iscr,TGTTAACCCACACATCAGGGTCTAT,nrdh,schmidt_down,+,regdb,no,yes
lexa,AACTGATTAAAAACCCAGCG,dini_ftsl_ybfe,schmidt_down,-,regdb,no,yes
lexa,AACTGTATATAAATACAGTT,dini_ftsl_ybfe,schmidt_down,-,regdb,no,yes
lexa,AACTGTATATAAATACAGTTA,dini_ftsl_ybfe,schmidt_down,-,ecocyc,no,yes
lexa,AACTGTATATACACCCAGGG,dini_ftsl_ybfe,schmidt_down,-,regdb,no,yes
lexa,AACTGTATATACACCCAGGGG,dini_ftsl_ybfe,schmidt_down,-,ecocyc,no,yes
lexa,AAGCTGAATAAATATACAGCA,dini_ftsl_ybfe,schmidt_down,-,ecocyc,no,yes
lexa,AAGCTGGCGTTGATGCCAGC,dini_ftsl_ybfe,schmidt_down,-,regdb,no,yes
lexa,AAGCTGGCGTTGATGCCAGCG,dini_ftsl_ybfe,schmidt_down,-,ecocyc,no,yes
lexa,ACCTGAATGAATATACAGTA,dini_ftsl_ybfe,schmidt_down,-,regdb,no,yes
lexa,ACCTGTATAAATAACCAGTA,dini_ftsl_ybfe,schmidt_down,-,regdb,no,yes
lexa,ACTGATGGTTATATAAACAT,dini_ftsl_ybfe,schmidt_down,-,regdb,no,yes
lexa,ACTGTGCCATTTTTCAGTTC,dini_ftsl_ybfe,schmidt_down,-,regdb,no,yes
lexa,AGCTGAATAAATATACAGCA,dini_ftsl_ybfe,schmidt_down,-,regdb,no,yes
lexa,ATACTGTATAAAATCACAGTT,dini_ftsl_ybfe,schmidt_down,-,ecocyc,no,yes
lexa,ATACTGTATATAAAAACAGTA,dini_ftsl_ybfe,schmidt_down,-,ecocyc,no,yes
lexa,ATACTGTATATTCATTCAGGT,dini_ftsl_ybfe,schmidt_down,-,ecocyc,no,yes
lexa,ATACTGTATGAGCATACAGTA,dini_ftsl_ybfe,schmidt_down,-,ecocyc,no,yes
lexa,ATACTGTGCCATTTTTCAGTT,dini_ftsl_ybfe,schmidt_down,-,ecocyc,no,yes
lexa,ATCTGCTGGCAAGAACAGAC,dini_ftsl_ybfe,schmidt_down,-,regdb,no,yes
lexa,ATCTGCTGGCAAGAACAGACT,dini_ftsl_ybfe,schmidt_down,-,ecocyc,no,yes
lexa,ATCTGTATATATACCCAGCT,dini_ftsl_ybfe,schmidt_down,-,regdb,no,yes
lexa,ATCTGTATATATACCCAGCTT,dini_ftsl_ybfe,schmidt_down,-,ecocyc,no,yes
lexa,CAACTGATTAAAAACCCAGCG,dini_ftsl_ybfe,schmidt_down,-,ecocyc,no,yes
lexa,CAACTGGATAAAATTACAGG,dini_ftsl_ybfe,schmidt_down,-,regdb,no,yes
lexa,CAACTGGATAAAATTACAGGG,dini_ftsl_ybfe,schmidt_down,-,ecocyc,no,yes
lexa,CACTGGATAGATAACCAGCA,dini_ftsl_ybfe,schmidt_down,-,regdb,no,yes
lexa,CACTGGATAGATAACCAGCAT,dini_ftsl_ybfe,schmidt_down,-,ecocyc,no,yes
lexa,CACTGTATAAAAATCCTATA,dini_ftsl_ybfe,schmidt_down,-,regdb,no,yes
lexa,CACTGTATAAAAATCCTATAC,dini_ftsl_ybfe,schmidt_down,-,ecocyc,no,yes
lexa,CACTGTATAAATAAACAGCT,dini_ftsl_ybfe,schmidt_down,-,regdb,no,yes
lexa,CACTGTATAAATAAACAGCTA,dini_ftsl_ybfe,schmidt_down,-,ecocyc,no,yes
lexa,CACTGTATACTTTACCAGTG,dini_ftsl_ybfe,schmidt_down,-,regdb,no,yes
lexa,CACTGTATACTTTACCAGTGT,dini_ftsl_ybfe,schmidt_down,-,ecocyc,no,yes
lexa,CCCTGTTCAAATCAACAGGG,dini_ftsl_ybfe,schmidt_down,-,regdb,no,yes
lexa,CCCTGTTGATTTGAACAGGGA,dini_ftsl_ybfe,schmidt_down,-,ecocyc,no,yes
lexa,CGCTGGATATCTATCCAGCA,dini_ftsl_ybfe,schmidt_down,-,regdb,no,yes
lexa,CTGGTTAGATAAATGC,dini_ftsl_ybfe,schmidt_down,-,regdb,no,yes
lexa,CTGGTTAGATAAATGCA,dini_ftsl_ybfe,schmidt_down,-,ecocyc,no,yes
lexa,CTGTCATCACTCATCT,dini_ftsl_ybfe,schmidt_down,-,regdb,no,yes
lexa,CTGTCATCACTCATCTT,dini_ftsl_ybfe,schmidt_down,-,ecocyc,no,yes
lexa,CTGTGGATAACCATGT,dini_ftsl_ybfe,schmidt_down,-,regdb,no,yes
lexa,CTGTGGATAACCATGTG,dini_ftsl_ybfe,schmidt_down,-,ecocyc,no,yes
lexa,CTGTTTTTATTTCAG,dini_ftsl_ybfe,schmidt_down,-,regdb,no,yes
lexa,CTGTTTTTATTTCAGG,dini_ftsl_ybfe,schmidt_down,-,ecocyc,no,yes
lexa,CTGTTTTTTTATCCAG,dini_ftsl_ybfe,schmidt_down,-,regdb,no,yes
lexa,CTGTTTTTTTATCCAGT,dini_ftsl_ybfe,schmidt_down,-,ecocyc,no,yes
lexa,GACTGATGGTTATATAAACAT,dini_ftsl_ybfe,schmidt_down,-,ecocyc,no,yes
lexa,GACTGTATAAAACCACAGCC,dini_ftsl_ybfe,schmidt_down,-,regdb,no,yes
lexa,GCCTGGCTTTCAGGGCAGCG,dini_ftsl_ybfe,schmidt_down,-,regdb,no,yes
lexa,GCCTGGCTTTCAGGGCAGCGT,dini_ftsl_ybfe,schmidt_down,-,ecocyc,no,yes
lexa,GGCTGCGCTTATCGACAGTT,dini_ftsl_ybfe,schmidt_down,-,regdb,no,yes
lexa,GGCTGCGCTTATCGACAGTTA,dini_ftsl_ybfe,schmidt_down,-,ecocyc,no,yes
lexa,GTACTGTACATCCATACAGTA,dini_ftsl_ybfe,schmidt_down,-,ecocyc,no,yes
lexa,GTACTGTATGATTATCCAGTT,dini_ftsl_ybfe,schmidt_down,-,ecocyc,no,yes
lexa,GTGCTGGTTTTATAACCTGCA,dini_ftsl_ybfe,schmidt_down,-,ecocyc,no,yes
lexa,TACCTGTATAAATAACCAGTA,dini_ftsl_ybfe,schmidt_down,-,ecocyc,no,yes
lexa,TACTATTATGTATATTCTGG,dini_ftsl_ybfe,schmidt_down,-,regdb,no,yes
lexa,TACTATTATGTATATTCTGGT,dini_ftsl_ybfe,schmidt_down,-,ecocyc,no,yes
lexa,TACTGATGATATATACAGGT,dini_ftsl_ybfe,schmidt_down,-,regdb,no,yes
lexa,TACTGTACACAATAACAGTA,dini_ftsl_ybfe,schmidt_down,-,regdb,no,yes
lexa,TACTGTACACAATAACAGTAA,dini_ftsl_ybfe,schmidt_down,-,ecocyc,no,yes
lexa,TACTGTACATCCATACAGTA,dini_ftsl_ybfe,schmidt_down,-,regdb,no,yes
lexa,TACTGTACGTATCGACAGTT,dini_ftsl_ybfe,schmidt_down,-,regdb,no,yes
lexa,TACTGTACGTATCGACAGTTT,dini_ftsl_ybfe,schmidt_down,-,ecocyc,no,yes
lexa,TACTGTATAAAATCACAGTT,dini_ftsl_ybfe,schmidt_down,-,regdb,no,yes
lexa,TACTGTATATAAAAACAGTA,dini_ftsl_ybfe,schmidt_down,-,regdb,no,yes
lexa,TACTGTATATAAAAACAGTAT,dini_ftsl_ybfe,schmidt_down,-,ecocyc,no,yes
lexa,TACTGTATATAAAACCAGTT,dini_ftsl_ybfe,schmidt_down,-,regdb,no,yes
lexa,TACTGTATATAAAACCAGTTT,dini_ftsl_ybfe,schmidt_down,-,ecocyc,no,yes
lexa,TACTGTATATTCATTCAGGT,dini_ftsl_ybfe,schmidt_down,-,regdb,no,yes
lexa,TACTGTATGAGCATACAGTA,dini_ftsl_ybfe,schmidt_down,-,regdb,no,yes
lexa,TACTGTATGATTATCCAGTT,dini_ftsl_ybfe,schmidt_down,-,regdb,no,yes
lexa,TACTGTGAAACGATCCGGTA,dini_ftsl_ybfe,schmidt_down,-,regdb,no,yes
lexa,TACTGTGCCATTTTTCAGTT,dini_ftsl_ybfe,schmidt_down,-,regdb,no,yes
lexa,TACTGTGCCATTTTTCAGTTC,dini_ftsl_ybfe,schmidt_down,-,ecocyc,no,yes
lexa,TACTGTTTATTTATACAGTA,dini_ftsl_ybfe,schmidt_down,-,regdb,no,yes
lexa,TACTGTTTATTTATACAGTAA,dini_ftsl_ybfe,schmidt_down,-,ecocyc,no,yes
lexa,TATTGGCTGTTTATACAGTA,dini_ftsl_ybfe,schmidt_down,-,regdb,no,yes
lexa,TATTGGCTGTTTATACAGTAT,dini_ftsl_ybfe,schmidt_down,-,ecocyc,no,yes
lexa,TCCTGTTAATCCATACAGCA,dini_ftsl_ybfe,schmidt_down,-,regdb,no,yes
lexa,TCCTGTTAATCCATACAGCAA,dini_ftsl_ybfe,schmidt_down,-,ecocyc,no,yes
lexa,TCGCTGGATATCTATCCAGC,dini_ftsl_ybfe,schmidt_down,-,regdb,no,yes
lexa,TCGCTGGATATCTATCCAGCA,dini_ftsl_ybfe,schmidt_down,-,ecocyc,no,yes
lexa,TGACTGTATAAAACCACAGCC,dini_ftsl_ybfe,schmidt_down,-,ecocyc,no,yes
lexa,TGCTGGTTTTATAACCTGCA,dini_ftsl_ybfe,schmidt_down,-,regdb,no,yes
lexa,TGCTGTATATACTCACAGCA,dini_ftsl_ybfe,schmidt_down,-,regdb,no,yes
lexa,TGCTGTATATACTCACAGCAT,dini_ftsl_ybfe,schmidt_down,-,ecocyc,no,yes
lexa,TTACTGATGATATATACAGGT,dini_ftsl_ybfe,schmidt_down,-,ecocyc,no,yes
lexa,TTACTGTGAAACGATCCGGTA,dini_ftsl_ybfe,schmidt_down,-,ecocyc,no,yes
lexa,TTCGCTGGATATCTATCCAGC,dini_ftsl_ybfe,schmidt_down,-,ecocyc,no,yes
lexa,TTCTGCGTATTGCAGAGAGG,dini_ftsl_ybfe,schmidt_down,-,regdb,no,yes
lexa,TTCTGCGTATTGCAGAGAGGA,dini_ftsl_ybfe,schmidt_down,-,ecocyc,no,yes
lsrr,CTGAACAATTGCATTAAAGATTTAAATATGT,lsrr,schmidt_down,-,ecocyc,no,no
lsrr,TCAAAACTCACCTGCAAAACTGAACGGGGG,lsrr,schmidt_down,-,regdb,no,no
lsrr,TCAAAACTCACCTGCAAAACTGAACGGGGGA,lsrr,schmidt_down,-,ecocyc,no,no
lsrr,TGAACAATTGCATTAAAGATTTAAATATGT,lsrr,schmidt_down,-,regdb,no,no
malt,AACTCCTCCCT,mals,schmidt_down,+,ecocyc,no,no
malt,ACTCCTCCCT,mals,schmidt_down,+,regdb,no,no
malt,AGGGATGAGT,mals,schmidt_down,+,regdb,no,no
malt,AGGGATGAGTT,mals,schmidt_down,+,ecocyc,no,no
malt,AGTGGTTGAGA,mals,schmidt_down,+,ecocyc,no,no
malt,CAGGATGAGG,mals,schmidt_down,+,regdb,no,no
malt,CATCCTCCCG,mals,schmidt_down,+,regdb,no,no
malt,CATCCTCCCGC,mals,schmidt_down,+,ecocyc,no,no
malt,CCTACGCCCC,mals,schmidt_down,+,regdb,no,no
malt,CCTACGCCCCA,mals,schmidt_down,+,ecocyc,no,no
malt,CCTCCACCCC,mals,schmidt_down,+,regdb,no,no
malt,CCTCCTCCCC,mals,schmidt_down,+,regdb,no,no
malt,CCTCCTCCCCC,mals,schmidt_down,+,ecocyc,no,no
malt,CCTCCTTGCC,mals,schmidt_down,+,regdb,no,no
malt,CCTCCTTGCCC,mals,schmidt_down,+,ecocyc,no,no
malt,CGGGAGGATG,mals,schmidt_down,+,regdb,no,no
malt,GATGATGAGT,mals,schmidt_down,+,regdb,no,no
malt,GATGATGAGTG,mals,schmidt_down,+,ecocyc,no,no
malt,GCAGGATGAGG,mals,schmidt_down,+,ecocyc,no,no
malt,GCTCACCCTT,mals,schmidt_down,+,regdb,no,no
malt,GCTCACCCTTG,mals,schmidt_down,+,ecocyc,no,no
malt,GCTCATCCCC,mals,schmidt_down,+,regdb,no,no
malt,GGCAAGGAGG,mals,schmidt_down,+,regdb,no,no
malt,GGGGAGGAGG,mals,schmidt_down,+,regdb,no,no
malt,GGGGCGTAGG,mals,schmidt_down,+,regdb,no,no
malt,GGGGTGGAGG,mals,schmidt_down,+,regdb,no,no
malt,GGGGTGGAGGA,mals,schmidt_down,+,ecocyc,no,no
malt,GTGGTTGAGA,mals,schmidt_down,+,regdb,no,no
malt,TATCCGCCCC,mals,schmidt_down,+,regdb,no,no
malt,TATCCGCCCCC,mals,schmidt_down,+,ecocyc,no,no
malt,TCTCATCCTG,mals,schmidt_down,+,regdb,no,no
malt,TCTCATCCTGT,mals,schmidt_down,+,ecocyc,no,no
malt,TGCTCATCCCC,mals,schmidt_down,+,ecocyc,no,no
mlra,AAAAATGGCACAGATAAACGTTACCGTACAAGTTG,csgg,schmidt_down,+,ecocyc,no,no
mlra,AAAATGGCACAGATAAACGTTACCGTACAAGTTG,csgg,schmidt_down,+,regdb,no,no
mlra,AAAATTGTGCAATAAAAACCAAATGTACAACTTT,csgg,schmidt_down,+,regdb,no,no
mlra,ACAAAGTGTATACCCTGGCGAAATTGTATAATTTG,csgg,schmidt_down,+,ecocyc,no,no
mlra,ACAATTTTCCATGGATTATTTTCTGAACATTTTT,csgg,schmidt_down,+,regdb,no,no
mlra,CAAAGTGTATACCCTGGCGAAATTGTATAATTTG,csgg,schmidt_down,+,regdb,no,no
mlra,GACAATTTTCCATGGATTATTTTCTGAACATTTTT,csgg,schmidt_down,+,ecocyc,no,no
mlra,TAAAATTGTGCAATAAAAACCAAATGTACAACTTT,csgg,schmidt_down,+,ecocyc,no,no
mngr,CATAATGGTTAAATTCGTATTA,mngr,schmidt_down,-,regdb,no,no
mngr,TAATACAAATACAATACAAATA,mngr,schmidt_down,-,regdb,no,no
mngr,TAATACAAATACAATACAAATAA,mngr,schmidt_down,-,ecocyc,no,no
mngr,TAATACGAATTTAACCATTATG,mngr,schmidt_down,-,regdb,no,no
mngr,TAATACGAATTTAACCATTATGC,mngr,schmidt_down,-,ecocyc,no,no
mngr,TATTTGTATTGTATTTGTATTA,mngr,schmidt_down,-,regdb,no,no
mqsa,AAACCTTAAGGTTA,csgg,schmidt_down,-,ecocyc,no,no
mqsa,AAAGGGTACTGTTAAGTGG,csgg,schmidt_down,-,ecocyc,no,no
mqsa,AACCTTAAGGTTA,csgg,schmidt_down,-,regdb,no,no
mqsa,AAGGGTACTGTTAAGTGG,csgg,schmidt_down,-,regdb,no,no
mqsa,ACTATCATCTATCGTTGGC,csgg,schmidt_down,-,ecocyc,no,no
mqsa,AGACCTTGCAGGTGG,csgg,schmidt_down,-,regdb,no,no
mqsa,CAGACCTTGCAGGTGG,csgg,schmidt_down,-,ecocyc,no,no
mqsa,CTAACCTTTTAGGTGC,csgg,schmidt_down,-,ecocyc,no,no
mqsa,CTATCATCTATCGTTGGC,csgg,schmidt_down,-,regdb,no,no
mqsa,TAACCTTTTAGGTGC,csgg,schmidt_down,-,regdb,no,no
mqsa,TAACCTTTTAGGTTA,csgg,schmidt_down,-,regdb,no,no
mqsa,TTAACCTTTTAGGTTA,csgg,schmidt_down,-,ecocyc,no,no
mraz,ATCCCA,ftsl,schmidt_down,-,ecocyc,no,no
mraz,TCCCA,ftsl,schmidt_down,-,regdb,no,no
mraz,TGGGA,ftsl,schmidt_down,-,regdb,no,no
mraz,TGGGAA,ftsl,schmidt_down,-,ecocyc,no,no
mraz,TGGGG,ftsl,schmidt_down,-,regdb,no,no
mraz,TGGGGC,ftsl,schmidt_down,-,ecocyc,no,no
mraz,TTCCA,ftsl,schmidt_down,-,regdb,no,no
mraz,TTTCCA,ftsl,schmidt_down,-,ecocyc,no,no
nagc,AATAAATCGCGAAACGCAGGGGT,creb_dini_feoc_ydep,schmidt_down,-,regdb,no,yes
nagc,AATAAATCGCGAAACGCAGGGGTT,creb_dini_feoc_ydep,schmidt_down,-,ecocyc,no,yes
nagc,ACTTATTTCTCTTCGTAAAATTAC,creb_dini_feoc_ydep,schmidt_down,-,ecocyc,no,yes
nagc,AGTTGTTTATCGGCGAGAAATTAC,creb_dini_feoc_ydep,schmidt_down,-,ecocyc,no,yes
nagc,ATACTCCTTTCAGCCACAAAAAA,creb_dini_feoc_ydep,schmidt_down,-,regdb,no,yes
nagc,ATTATTTTGATGCGCGAAATTAA,creb_dini_feoc_ydep,schmidt_down,-,regdb,no,yes
nagc,ATTATTTTGATGCGCGAAATTAAT,creb_dini_feoc_ydep,schmidt_down,-,ecocyc,no,yes
nagc,CATAATTCTCATCATGAAATATG,creb_dini_feoc_ydep,schmidt_down,-,regdb,no,yes
nagc,CATAATTCTCATCATGAAATATGT,creb_dini_feoc_ydep,schmidt_down,-,ecocyc,no,yes
nagc,CATATTTCATGATGAGAATTATG,creb_dini_feoc_ydep,schmidt_down,-,regdb,no,yes
nagc,CATATTTTGTGACACGAATTGCA,creb_dini_feoc_ydep,schmidt_down,-,regdb,no,yes
nagc,CTTAATTATCTTCGCGAATTATT,creb_dini_feoc_ydep,schmidt_down,-,regdb,no,yes
nagc,CTTAATTCACAATAAAAAATAAC,creb_dini_feoc_ydep,schmidt_down,-,regdb,no,yes
nagc,CTTAATTCACAATAAAAAATAACC,creb_dini_feoc_ydep,schmidt_down,-,ecocyc,no,yes
nagc,CTTATTTCTCTTCGTAAAATTAC,creb_dini_feoc_ydep,schmidt_down,-,regdb,no,yes
nagc,CTTATTTTATCATTCAAAAAATC,creb_dini_feoc_ydep,schmidt_down,-,regdb,no,yes
nagc,CTTATTTTTTATATTGAAAAATA,creb_dini_feoc_ydep,schmidt_down,-,regdb,no,yes
nagc,GATAATTCGCGTCGCGAAAAATA,creb_dini_feoc_ydep,schmidt_down,-,regdb,no,yes
nagc,GATAATTCGCGTCGCGAAAAATAG,creb_dini_feoc_ydep,schmidt_down,-,ecocyc,no,yes
nagc,GATATTTTACCTTTCGAAATTTC,creb_dini_feoc_ydep,schmidt_down,-,regdb,no,yes
nagc,GATATTTTACCTTTCGAAATTTCT,creb_dini_feoc_ydep,schmidt_down,-,ecocyc,no,yes
nagc,GATTTTTTGAATGATAAAATAAG,creb_dini_feoc_ydep,schmidt_down,-,regdb,no,yes
nagc,GATTTTTTGAATGATAAAATAAGT,creb_dini_feoc_ydep,schmidt_down,-,ecocyc,no,yes
nagc,GGTAATTCACTATTCGAATTATA,creb_dini_feoc_ydep,schmidt_down,-,regdb,no,yes
nagc,GGTAATTCACTATTCGAATTATAT,creb_dini_feoc_ydep,schmidt_down,-,ecocyc,no,yes
nagc,GGTTATTTTACCTGTATAAATAAC,creb_dini_feoc_ydep,schmidt_down,-,ecocyc,no,yes
nagc,GTCCATTTCACGATGAAAAAAATG,creb_dini_feoc_ydep,schmidt_down,-,ecocyc,no,yes
nagc,GTTATTTACCGTGACGAACTAAT,creb_dini_feoc_ydep,schmidt_down,-,regdb,no,yes
nagc,GTTATTTACCGTGACGAACTAATT,creb_dini_feoc_ydep,schmidt_down,-,ecocyc,no,yes
nagc,GTTATTTTACCTGTATAAATAAC,creb_dini_feoc_ydep,schmidt_down,-,regdb,no,yes
nagc,GTTGTTTATCGGCGAGAAATTAC,creb_dini_feoc_ydep,schmidt_down,-,regdb,no,yes
nagc,GTTTATTCATTGATCGAAATAAG,creb_dini_feoc_ydep,schmidt_down,-,regdb,no,yes
nagc,TATACTCCTTTCAGCCACAAAAAA,creb_dini_feoc_ydep,schmidt_down,-,ecocyc,no,yes
nagc,TCCATTTCACGATGAAAAAAATG,creb_dini_feoc_ydep,schmidt_down,-,regdb,no,yes
nagc,TCTGCTTTTCTTCGCGAATTAATT,creb_dini_feoc_ydep,schmidt_down,-,regdb,no,yes
nagc,TCTGCTTTTCTTCGCGAATTAATTC,creb_dini_feoc_ydep,schmidt_down,-,ecocyc,no,yes
nagc,TCTTAATTATCTTCGCGAATTATT,creb_dini_feoc_ydep,schmidt_down,-,ecocyc,no,yes
nagc,TCTTATTTTTTATATTGAAAAATA,creb_dini_feoc_ydep,schmidt_down,-,ecocyc,no,yes
nagc,TGCAATTCGTGTCACAAAATATG,creb_dini_feoc_ydep,schmidt_down,-,regdb,no,yes
nagc,TGCAATTCGTGTCACAAAATATGT,creb_dini_feoc_ydep,schmidt_down,-,ecocyc,no,yes
nagc,TGTTTATTCATTGATCGAAATAAG,creb_dini_feoc_ydep,schmidt_down,-,ecocyc,no,yes
nagc,TTTAATTCGTATCGCAAATTAAA,creb_dini_feoc_ydep,schmidt_down,-,regdb,no,yes
nagc,TTTAATTTGCGATACGAATTAAA,creb_dini_feoc_ydep,schmidt_down,-,regdb,no,yes
nagc,TTTAATTTGCGATACGAATTAAAT,creb_dini_feoc_ydep,schmidt_down,-,ecocyc,no,yes
narp,AAAGTAACCAATAAAT,ydep,schmidt_down,-,regdb,no,yes
narp,AACAATACTTTCTGGC,ydep,schmidt_down,-,regdb,no,yes
narp,AATAAATGGTATTTAA,ydep,schmidt_down,-,regdb,no,yes
narp,AGGATTA,ydep,schmidt_down,-,regdb,no,yes
narp,CAATATACCCATTAAG,ydep,schmidt_down,-,regdb,no,yes
narp,CATTAAGGAGTATATA,ydep,schmidt_down,-,regdb,no,yes
narp,CATTAATGGGCATAAT,ydep,schmidt_down,-,regdb,no,yes
narp,CCTCTGCTACGTAAGG,ydep,schmidt_down,-,regdb,no,yes
narp,CGATCGGGGTATGCAT,ydep,schmidt_down,-,regdb,no,yes
narp,CGTAAGGGTTATAGCT,ydep,schmidt_down,-,regdb,no,yes
narp,CTCTGGCGGTAGATCC,ydep,schmidt_down,-,regdb,no,yes
narp,CTGACTAACTCTAAAG,ydep,schmidt_down,-,regdb,no,yes
narp,GCTATTGAGGTAGGTC,ydep,schmidt_down,-,regdb,no,yes
narp,GTAATACCTCTCTGGC,ydep,schmidt_down,-,regdb,no,yes
narp,GTTTTACCCCGATCGG,ydep,schmidt_down,-,regdb,no,yes
narp,TAACCAT,ydep,schmidt_down,-,regdb,no,yes
narp,TCTAAAGTGGTATTTT,ydep,schmidt_down,-,regdb,no,yes
narp,TTCACTACGCTTTATT,ydep,schmidt_down,-,regdb,no,yes
narp,TTGACTACTCATTAAT,ydep,schmidt_down,-,regdb,no,yes
narp,TTTTCTACCGCTATTG,ydep,schmidt_down,-,regdb,no,yes
nrdr,AACCCAATATGTTGTAT,nrdh,schmidt_down,-,ecocyc,no,no
nrdr,ACCCAATATGTTGTAT,nrdh,schmidt_down,-,regdb,no,no
nrdr,AGCACTATATATAGACT,nrdh,schmidt_down,-,ecocyc,no,no
nrdr,CAACTACATCTAGTAT,nrdh,schmidt_down,-,regdb,no,no
nrdr,CAACTACATCTAGTATC,nrdh,schmidt_down,-,ecocyc,no,no
nrdr,CCCCTATATATAGTGT,nrdh,schmidt_down,-,regdb,no,no
nrdr,CCCCTATATATAGTGTT,nrdh,schmidt_down,-,ecocyc,no,no
nrdr,GCACTATATATAGACT,nrdh,schmidt_down,-,regdb,no,no
nrdr,TCACACTATCTTGCAG,nrdh,schmidt_down,-,regdb,no,no
nrdr,TCACACTATCTTGCAGT,nrdh,schmidt_down,-,ecocyc,no,no
nrdr,TTGCTATATATTGTGT,nrdh,schmidt_down,-,regdb,no,no
nrdr,TTGCTATATATTGTGTG,nrdh,schmidt_down,-,ecocyc,no,no
ntrc,A,glnl_hisq,schmidt_down,+,ecocyc,no,no
ntrc,AACGCCTTTTAGGGGCA,glnl_hisq,schmidt_down,+,regdb,no,no
ntrc,AAGCACTATATTGGTGCA,glnl_hisq,schmidt_down,+,ecocyc,no,no
ntrc,AGCACTATATTGGTGCA,glnl_hisq,schmidt_down,+,regdb,no,no
ntrc,ATAGCATCATGTTGTGCGG,glnl_hisq,schmidt_down,+,ecocyc,no,no
ntrc,ATGAACCATCGTGGTGCA,glnl_hisq,schmidt_down,+,ecocyc,no,no
ntrc,ATGCCCGCTTTTGGTGCG,glnl_hisq,schmidt_down,+,ecocyc,no,no
ntrc,ATGTCAACGATGGCGCA,glnl_hisq,schmidt_down,+,regdb,no,no
ntrc,ATTCACATCGTGGTGCA,glnl_hisq,schmidt_down,+,regdb,no,no
ntrc,C,glnl_hisq,schmidt_down,+,ecocyc,no,no
ntrc,CATTCACATCGTGGTGCA,glnl_hisq,schmidt_down,+,ecocyc,no,no
ntrc,CGCACCATGTTGTGCGG,glnl_hisq,schmidt_down,+,regdb,no,no
ntrc,CGCACCATGTTGTGCGGC,glnl_hisq,schmidt_down,+,ecocyc,no,no
ntrc,CGCACCATTGCGGGGCG,glnl_hisq,schmidt_down,+,regdb,no,no
ntrc,CGCACCATTGCGGGGCGC,glnl_hisq,schmidt_down,+,ecocyc,no,no
ntrc,CTGCACAAATGTTGATCA,glnl_hisq,schmidt_down,+,ecocyc,no,no
ntrc,CTGCGTCAGAATGGCGCA,glnl_hisq,schmidt_down,+,ecocyc,no,no
ntrc,CTTTTGCACGATGGTGCG,glnl_hisq,schmidt_down,+,ecocyc,no,no
ntrc,GATGTCAACGATGGCGCA,glnl_hisq,schmidt_down,+,ecocyc,no,no
ntrc,T,glnl_hisq,schmidt_down,+,ecocyc,no,no
ntrc,TAACGCCTTTTAGGGGCA,glnl_hisq,schmidt_down,+,ecocyc,no,no
ntrc,TAGCATCATGTTGTGCGG,glnl_hisq,schmidt_down,+,regdb,no,no
ntrc,TGAACCATCGTGGTGCA,glnl_hisq,schmidt_down,+,regdb,no,no
ntrc,TGCACAAATGTTGATCA,glnl_hisq,schmidt_down,+,regdb,no,no
ntrc,TGCACCAAAACTGCACT,glnl_hisq,schmidt_down,+,regdb,no,no
ntrc,TGCACCAACATGGTGCT,glnl_hisq,schmidt_down,+,regdb,no,no
ntrc,TGCCCAAAAATCAGGCA,glnl_hisq,schmidt_down,+,regdb,no,no
ntrc,TGCCCAAAAATCAGGCAA,glnl_hisq,schmidt_down,+,ecocyc,no,no
ntrc,TGCCCGCTTTTGGTGCG,glnl_hisq,schmidt_down,+,regdb,no,no
ntrc,TGCCCTGAAAACGTGCA,glnl_hisq,schmidt_down,+,regdb,no,no
ntrc,TGCCCTGAAAACGTGCAT,glnl_hisq,schmidt_down,+,ecocyc,no,no
ntrc,TGCGCCAAAATGTGGCG,glnl_hisq,schmidt_down,+,regdb,no,no
ntrc,TGCGCCAAAATGTGGCGC,glnl_hisq,schmidt_down,+,ecocyc,no,no
ntrc,TGCGTCAGAATGGCGCA,glnl_hisq,schmidt_down,+,regdb,no,no
ntrc,TTGCACCAAAACTGCACT,glnl_hisq,schmidt_down,+,ecocyc,no,no
ntrc,TTGCACCAACATGGTGCT,glnl_hisq,schmidt_down,+,ecocyc,no,no
ntrc,TTTTGCACGATGGTGCG,glnl_hisq,schmidt_down,+,regdb,no,no
phob,AAAGTTATTTTTCTGTAATT,cusf_cusr_phnp_sbcd,schmidt_down,+,ecocyc,no,yes
phob,AAATGACAAAATTGTCATTT,cusf_cusr_phnp_sbcd,schmidt_down,+,ecocyc,no,yes
phob,AAATGACAATTTTGTCATT,cusf_cusr_phnp_sbcd,schmidt_down,+,regdb,no,yes
phob,AAGTTATTTTTCTGTAATT,cusf_cusr_phnp_sbcd,schmidt_down,+,regdb,no,yes
phob,AATATAGATCTCCGTCACA,cusf_cusr_phnp_sbcd,schmidt_down,+,regdb,no,yes
phob,AATATAGATCTCCGTCACAT,cusf_cusr_phnp_sbcd,schmidt_down,+,ecocyc,no,yes
phob,AATGACAAAATTGTCATTT,cusf_cusr_phnp_sbcd,schmidt_down,+,regdb,no,yes
phob,ACTATCTTACAAATGTAACA,cusf_cusr_phnp_sbcd,schmidt_down,+,ecocyc,no,yes
phob,ATTGCAACAATTATGAAACA,cusf_cusr_phnp_sbcd,schmidt_down,+,ecocyc,no,yes
phob,ATTGCAACACAAATGCAACA,cusf_cusr_phnp_sbcd,schmidt_down,+,ecocyc,no,yes
phob,CCTTACATATAACTGTCACC,cusf_cusr_phnp_sbcd,schmidt_down,+,ecocyc,no,yes
phob,CCTTGCGTGAAAAACTGTCCGG,cusf_cusr_phnp_sbcd,schmidt_down,+,ecocyc,no,yes
phob,CGGGATCAGCAAGCCTAGCGG,cusf_cusr_phnp_sbcd,schmidt_down,+,ecocyc,no,yes
phob,CTATCTTACAAATGTAACA,cusf_cusr_phnp_sbcd,schmidt_down,+,regdb,no,yes
phob,CTCACGGAAGTCTGCCATT,cusf_cusr_phnp_sbcd,schmidt_down,+,regdb,no,yes
phob,CTCACGGAAGTCTGCCATTC,cusf_cusr_phnp_sbcd,schmidt_down,+,ecocyc,no,yes
phob,CTGACACAAAATTGTGTCA,cusf_cusr_phnp_sbcd,schmidt_down,+,regdb,no,yes
phob,CTGACACAAAATTGTGTCAT,cusf_cusr_phnp_sbcd,schmidt_down,+,ecocyc,no,yes
phob,CTGTAATATATCTTTAACA,cusf_cusr_phnp_sbcd,schmidt_down,+,regdb,no,yes
phob,CTGTCATAAAACTGTCATA,cusf_cusr_phnp_sbcd,schmidt_down,+,regdb,no,yes
phob,CTGTCATAAAGTTGTCACG,cusf_cusr_phnp_sbcd,schmidt_down,+,regdb,no,yes
phob,CTGTCATAAAGTTGTCACGG,cusf_cusr_phnp_sbcd,schmidt_down,+,ecocyc,no,yes
phob,CTGTCATCACTCTGTCATC,cusf_cusr_phnp_sbcd,schmidt_down,+,regdb,no,yes
phob,CTGTCATCACTCTGTCATCT,cusf_cusr_phnp_sbcd,schmidt_down,+,ecocyc,no,yes
phob,CTGTTAAATATGTAAAATCCTGTCAGT,cusf_cusr_phnp_sbcd,schmidt_down,+,regdb,no,yes
phob,CTTACACTTTTGTTTCACA,cusf_cusr_phnp_sbcd,schmidt_down,+,regdb,no,yes
phob,CTTACACTTTTGTTTCACAT,cusf_cusr_phnp_sbcd,schmidt_down,+,ecocyc,no,yes
phob,CTTACATATAACTGTCACC,cusf_cusr_phnp_sbcd,schmidt_down,+,regdb,no,yes
phob,CTTATATAGCTGCTCTCATT,cusf_cusr_phnp_sbcd,schmidt_down,+,regdb,no,yes
phob,CTTGCGTGAAAAACTGTCCGG,cusf_cusr_phnp_sbcd,schmidt_down,+,regdb,no,yes
phob,CTTGTCATCTTTCTGACACC,cusf_cusr_phnp_sbcd,schmidt_down,+,ecocyc,no,yes
phob,GGGATCAGCAAGCCTAGCGG,cusf_cusr_phnp_sbcd,schmidt_down,+,regdb,no,yes
phob,GTTATACGCGGTGGAAACA,cusf_cusr_phnp_sbcd,schmidt_down,+,regdb,no,yes
phob,GTTATACGCGGTGGAAACAT,cusf_cusr_phnp_sbcd,schmidt_down,+,ecocyc,no,yes
phob,GTTGAACAAAACATACACA,cusf_cusr_phnp_sbcd,schmidt_down,+,regdb,no,yes
phob,GTTGAACAAAACATACACAA,cusf_cusr_phnp_sbcd,schmidt_down,+,ecocyc,no,yes
phob,GTTTACGCTTTTATTACAG,cusf_cusr_phnp_sbcd,schmidt_down,+,regdb,no,yes
phob,TATGACAGATTTATGAAAA,cusf_cusr_phnp_sbcd,schmidt_down,+,regdb,no,yes
phob,TCTGTAATATATCTTTAACA,cusf_cusr_phnp_sbcd,schmidt_down,+,ecocyc,no,yes
phob,TCTGTCATAAAACTGTCATA,cusf_cusr_phnp_sbcd,schmidt_down,+,ecocyc,no,yes
phob,TCTGTTAAATATGTAAAATCCTGTCAGT,cusf_cusr_phnp_sbcd,schmidt_down,+,ecocyc,no,yes
phob,TCTTATATAGCTGCTCTCATT,cusf_cusr_phnp_sbcd,schmidt_down,+,ecocyc,no,yes
phob,TGTTTACGCTTTTATTACAG,cusf_cusr_phnp_sbcd,schmidt_down,+,ecocyc,no,yes
phob,TTATGACAGATTTATGAAAA,cusf_cusr_phnp_sbcd,schmidt_down,+,ecocyc,no,yes
phob,TTGCAACAATTATGAAACA,cusf_cusr_phnp_sbcd,schmidt_down,+,regdb,no,yes
phob,TTGCAACACAAATGCAACA,cusf_cusr_phnp_sbcd,schmidt_down,+,regdb,no,yes
phob,TTGTAACCTTTAGGTAAAA,cusf_cusr_phnp_sbcd,schmidt_down,+,regdb,no,yes
phob,TTGTAACCTTTAGGTAAAAA,cusf_cusr_phnp_sbcd,schmidt_down,+,ecocyc,no,yes
phob,TTGTCACAAAAAAGTGGTA,cusf_cusr_phnp_sbcd,schmidt_down,+,regdb,no,yes
phob,TTGTCACAAAAAAGTGGTAG,cusf_cusr_phnp_sbcd,schmidt_down,+,ecocyc,no,yes
phob,TTGTCATCTTTCTGACACC,cusf_cusr_phnp_sbcd,schmidt_down,+,regdb,no,yes
phob,TTTGCATAATTAATGTAAAG,cusf_cusr_phnp_sbcd,schmidt_down,+,regdb,no,yes
phob,TTTTCATAAATCTGTCATA,cusf_cusr_phnp_sbcd,schmidt_down,+,regdb,no,yes
phob,TTTTGCATAATTAATGTAAAG,cusf_cusr_phnp_sbcd,schmidt_down,+,ecocyc,no,yes
ptrr,ATTCTCGATTCGTGAA,acrr_puue,schmidt_down,-,ecocyc,no,no
ptrr,TTCTCGATTCGTGAA,acrr_puue,schmidt_down,-,regdb,no,no
puur,AGTGGACTAAATTATCGCCAT,puue,schmidt_down,-,ecocyc,no,no
puur,ATGGAAAATATAATGAACAA,puue,schmidt_down,-,regdb,no,no
puur,ATGGCGATAATTTAGTCCAC,puue,schmidt_down,-,regdb,no,no
puur,ATGTTCAATATTTTTTCAAT,puue,schmidt_down,-,regdb,no,no
puur,ATTGAAAAAATATTGAACAT,puue,schmidt_down,-,regdb,no,no
puur,ATTGTTCATTATATTTTCCAT,puue,schmidt_down,-,ecocyc,no,no
puur,GCGTAAAATATAATGACCAC,puue,schmidt_down,-,regdb,no,no
puur,GGTGGTCATTATATTTTACGC,puue,schmidt_down,-,ecocyc,no,no
puur,GTGGACTAAATTATCGCCAT,puue,schmidt_down,-,regdb,no,no
puur,GTGGTCATTATATTTTACGC,puue,schmidt_down,-,regdb,no,no
puur,TATGTTCAATATTTTTTCAAT,puue,schmidt_down,-,ecocyc,no,no
puur,TTGTTCATTATATTTTCCAT,puue,schmidt_down,-,regdb,no,no
qseb,AAAATAAAATTTA,fimh,schmidt_down,+,regdb,no,no
qseb,AAAATAAAATTTAG,fimh,schmidt_down,+,ecocyc,no,no
qseb,ACAATAAAAATACA,fimh,schmidt_down,+,ecocyc,no,no
qseb,ACAATAACCGCTTA,fimh,schmidt_down,+,ecocyc,no,no
qseb,CAATAAAAATACA,fimh,schmidt_down,+,regdb,no,no
qseb,CAATAACCGCTTA,fimh,schmidt_down,+,regdb,no,no
qseb,CAATTACGGATTT,fimh,schmidt_down,+,regdb,no,no
qseb,CAATTACGGATTTA,fimh,schmidt_down,+,ecocyc,no,no
qseb,CATTGAATTTATTCA,fimh,schmidt_down,+,ecocyc,no,no
qseb,CGAAAAATGAAACGA,fimh,schmidt_down,+,regdb,no,no
qseb,GAATAAATTCAATG,fimh,schmidt_down,+,regdb,no,no
qseb,GTGTACAATTATTAC,fimh,schmidt_down,+,ecocyc,no,no
qseb,TAATAATTGTACAC,fimh,schmidt_down,+,regdb,no,no
qseb,TCGTTTCATTTTTCGG,fimh,schmidt_down,+,ecocyc,no,no
rcda,ATCGTTACAC,csgg,schmidt_down,+,regdb,no,no
rcda,ATCGTTACACG,csgg,schmidt_down,+,ecocyc,no,no
rcda,ATGTACACAA,csgg,schmidt_down,+,regdb,no,no
rcda,ATGTACACTT,csgg,schmidt_down,+,regdb,no,no
rcda,ATGTGTACAG,csgg,schmidt_down,+,regdb,no,no
rcda,ATTGTGTACTC,csgg,schmidt_down,+,ecocyc,no,no
rcda,CTATGCACAT,csgg,schmidt_down,+,regdb,no,no
rcda,CTTGCGCACAA,csgg,schmidt_down,+,ecocyc,no,no
rcda,CTTGTACGAAA,csgg,schmidt_down,+,ecocyc,no,no
rcda,GCTATGCACAT,csgg,schmidt_down,+,ecocyc,no,no
rcda,GTTTGTACAT,csgg,schmidt_down,+,regdb,no,no
rcda,GTTTGTACATA,csgg,schmidt_down,+,ecocyc,no,no
rcda,TATGTACACTT,csgg,schmidt_down,+,ecocyc,no,no
rcda,TATGTGTACAG,csgg,schmidt_down,+,ecocyc,no,no
rcda,TTGCGCACAA,csgg,schmidt_down,+,regdb,no,no
rcda,TTGTACACAA,csgg,schmidt_down,+,regdb,no,no
rcda,TTGTACACAAT,csgg,schmidt_down,+,ecocyc,no,no
rcda,TTGTACGAAA,csgg,schmidt_down,+,regdb,no,no
rcda,TTGTGTACAA,csgg,schmidt_down,+,regdb,no,no
rcda,TTGTGTACAT,csgg,schmidt_down,+,regdb,no,no
rcda,TTGTGTACATT,csgg,schmidt_down,+,ecocyc,no,no
rcda,TTGTGTACTC,csgg,schmidt_down,+,regdb,no,no
rcsb,AACATGGTTTGGTCA,csgg_ydep,schmidt_down,+,ecocyc,no,yes
rcsb,ACATGGTTTGGTCA,csgg_ydep,schmidt_down,+,regdb,no,yes
rcsb,ACTTTATAAATTCCTAAAATT,csgg_ydep,schmidt_down,+,ecocyc,no,yes
rcsb,ACTTTTCAGAAATCATTTATT,csgg_ydep,schmidt_down,+,ecocyc,no,yes
rcsb,AGGGCATTTTTCTGAAATATC,csgg_ydep,schmidt_down,+,ecocyc,no,yes
rcsb,ATCTTTATGTTTTCCGAATTT,csgg_ydep,schmidt_down,+,ecocyc,no,yes
rcsb,CAGATTCTTAAAATACAAACG,csgg_ydep,schmidt_down,+,ecocyc,no,yes
rcsb,CAGGACTAATCTTA,csgg_ydep,schmidt_down,+,regdb,no,yes
rcsb,CCAGGACTAATCTTA,csgg_ydep,schmidt_down,+,ecocyc,no,yes
rcsb,CTAAATGTATTCTGAAAATGG,csgg_ydep,schmidt_down,+,ecocyc,no,yes
rcsb,CTTGATATATTCTGAATTTTT,csgg_ydep,schmidt_down,+,ecocyc,no,yes
rcsb,CTTTATAAATTCCTAAAGTTG,csgg_ydep,schmidt_down,+,ecocyc,no,yes
rcsb,CTTTATATATTCTGAATATTC,csgg_ydep,schmidt_down,+,ecocyc,no,yes
rcsb,GAAGATTCATCTGG,csgg_ydep,schmidt_down,+,regdb,no,yes
rcsb,GAAGATTCATCTGGT,csgg_ydep,schmidt_down,+,ecocyc,no,yes
rcsb,GATAAATATTTTCTGAAAATG,csgg_ydep,schmidt_down,+,ecocyc,no,yes
rcsb,GCGGATAAATCCTA,csgg_ydep,schmidt_down,+,regdb,no,yes
rcsb,TAAGACTATTTACC,csgg_ydep,schmidt_down,+,regdb,no,yes
rcsb,TAGGATTTTGTTAT,csgg_ydep,schmidt_down,+,regdb,no,yes
rcsb,TCAGTATTTTCTTC,csgg_ydep,schmidt_down,+,regdb,no,yes
rcsb,TCAGTATTTTCTTCT,csgg_ydep,schmidt_down,+,ecocyc,no,yes
rcsb,TCGAGTCATATTCTGAAATAT,csgg_ydep,schmidt_down,+,ecocyc,no,yes
rcsb,TCGGAATATCCTGC,csgg_ydep,schmidt_down,+,regdb,no,yes
rcsb,TCGGAATATCCTGCT,csgg_ydep,schmidt_down,+,ecocyc,no,yes
rcsb,TGAGACGAATCTGA,csgg_ydep,schmidt_down,+,regdb,no,yes
rcsb,TGAGACGAATCTGAT,csgg_ydep,schmidt_down,+,ecocyc,no,yes
rcsb,TGCGGATAAATCCTA,csgg_ydep,schmidt_down,+,ecocyc,no,yes
rcsb,TTAAGACTATTTACC,csgg_ydep,schmidt_down,+,ecocyc,no,yes
rcsb,TTAGGATTTTGTTAT,csgg_ydep,schmidt_down,+,ecocyc,no,yes
rsta,GCGTCATTTAGTTACAA,csgg,schmidt_down,-,regdb,no,no
rsta,GCGTCATTTAGTTACAAC,csgg,schmidt_down,-,ecocyc,no,no
rsta,TACATTTAGTTACA,csgg,schmidt_down,-,regdb,no,no
rsta,TGTACATATCGTTACAC,csgg,schmidt_down,-,regdb,no,no
rsta,TGTACATATCGTTACACG,csgg,schmidt_down,-,ecocyc,no,no
rsta,TTACATTTAGTTACA,csgg,schmidt_down,-,ecocyc,no,no
rsta,TTTACTTTTGGTTACAT,csgg,schmidt_down,-,regdb,no,no
rsta,TTTTACTTTTGGTTACAT,csgg,schmidt_down,-,ecocyc,no,no
slya,AATAGAAATAAAG,sgcb,schmidt_down,-,ecocyc,no,yes
slya,ATAGAAATAAAG,sgcb,schmidt_down,-,regdb,no,yes
slya,ATTATGACTGAAA,sgcb,schmidt_down,-,ecocyc,no,yes
slya,ATTATGCTGGGAA,sgcb,schmidt_down,-,ecocyc,no,yes
slya,ATTATTGAATTAA,sgcb,schmidt_down,-,ecocyc,no,yes
slya,ATTTCAACCATAA,sgcb,schmidt_down,-,ecocyc,no,yes
slya,CGTTGCAGATAAA,sgcb,schmidt_down,-,ecocyc,no,yes
slya,CTTAAGGTGTATA,sgcb,schmidt_down,-,ecocyc,no,yes
slya,CTTAGAAAAACAA,sgcb,schmidt_down,-,ecocyc,no,yes
slya,CTTAGCAAGCTAA,sgcb,schmidt_down,-,ecocyc,no,yes
slya,GATGCGCGGAAA,sgcb,schmidt_down,-,regdb,no,yes
slya,GATGCGCGGAAAT,sgcb,schmidt_down,-,ecocyc,no,yes
slya,GTTAGATTAATAA,sgcb,schmidt_down,-,ecocyc,no,yes
slya,GTTGCAGATAAA,sgcb,schmidt_down,-,regdb,no,yes
slya,TAAAGAGGCGAA,sgcb,schmidt_down,-,regdb,no,yes
slya,TCAGGATGATAA,sgcb,schmidt_down,-,regdb,no,yes
slya,TCAGGATGATAAC,sgcb,schmidt_down,-,ecocyc,no,yes
slya,TTAAAGAGGCGAA,sgcb,schmidt_down,-,ecocyc,no,yes
slya,TTAAATATATAA,sgcb,schmidt_down,-,regdb,no,yes
slya,TTAAATATATAAA,sgcb,schmidt_down,-,ecocyc,no,yes
slya,TTAAATCGCGAA,sgcb,schmidt_down,-,regdb,no,yes
slya,TTAAATCGCGAAT,sgcb,schmidt_down,-,ecocyc,no,yes
slya,TTAAGGTGTATA,sgcb,schmidt_down,-,regdb,no,yes
slya,TTAATGCATTAA,sgcb,schmidt_down,-,regdb,no,yes
slya,TTAATGCATTAAA,sgcb,schmidt_down,-,ecocyc,no,yes
slya,TTACTAATATAA,sgcb,schmidt_down,-,regdb,no,yes
slya,TTACTAATATAAA,sgcb,schmidt_down,-,ecocyc,no,yes
slya,TTACTTAACTAT,sgcb,schmidt_down,-,regdb,no,yes
slya,TTACTTAACTATT,sgcb,schmidt_down,-,ecocyc,no,yes
slya,TTAGAAAAACAA,sgcb,schmidt_down,-,regdb,no,yes
slya,TTAGATTAATAA,sgcb,schmidt_down,-,regdb,no,yes
slya,TTAGCAAGCTAA,sgcb,schmidt_down,-,regdb,no,yes
slya,TTATAAAAATAG,sgcb,schmidt_down,-,regdb,no,yes
slya,TTATAAAAATAGG,sgcb,schmidt_down,-,ecocyc,no,yes
slya,TTATATATTTAA,sgcb,schmidt_down,-,regdb,no,yes
slya,TTATCATATTAA,sgcb,schmidt_down,-,regdb,no,yes
slya,TTATGACTGAAA,sgcb,schmidt_down,-,regdb,no,yes
slya,TTATGCTGGGAA,sgcb,schmidt_down,-,regdb,no,yes
slya,TTATTGAATTAA,sgcb,schmidt_down,-,regdb,no,yes
slya,TTGAACAAGCGGA,sgcb,schmidt_down,-,regdb,no,yes
slya,TTGAACAAGCGGAA,sgcb,schmidt_down,-,ecocyc,no,yes
slya,TTTATATATTTAA,sgcb,schmidt_down,-,ecocyc,no,yes
slya,TTTATCATATTAA,sgcb,schmidt_down,-,ecocyc,no,yes
slya,TTTCAACCATAA,sgcb,schmidt_down,-,regdb,no,yes
slya,TTTGCTATGCTAG,sgcb,schmidt_down,-,regdb,no,yes
slya,TTTGCTATGCTAGT,sgcb,schmidt_down,-,ecocyc,no,yes
soxr,AAAGCTATAACTGTTAAACAC,arof,schmidt_down,+,ecocyc,no,no
soxr,AACAGATGAATTAACGAA,arof,schmidt_down,+,regdb,no,no
soxr,AACTGCTTACGCGGCATT,arof,schmidt_down,+,regdb,no,no
soxr,AACTGCTTACGCGGCATTA,arof,schmidt_down,+,ecocyc,no,no
soxr,AAGTACGGCATTGATAATCAT,arof,schmidt_down,+,ecocyc,no,no
soxr,AATCGCACGGGTGGATAAGCG,arof,schmidt_down,+,ecocyc,no,no
soxr,ACACAAAAGCGAAAATGCAGA,arof,schmidt_down,+,ecocyc,no,no
soxr,ACATGGCACGAAAGACCAAAC,arof,schmidt_down,+,ecocyc,no,no
soxr,ACCGCACAAAAGGGGAGTGCT,arof,schmidt_down,+,ecocyc,no,no
soxr,ACCTCAAGTTAACTTGAGG,arof,schmidt_down,+,ecocyc,no,no
soxr,ACGGCACTAAAACCATCACAT,arof,schmidt_down,+,ecocyc,no,no
soxr,ACTACATCTTGCTCCTGTTAA,arof,schmidt_down,+,ecocyc,no,no
soxr,AGCAGAAACTGTAAAACGCAG,arof,schmidt_down,+,ecocyc,no,no
soxr,AGTGGCACGTTTGGCGAAATT,arof,schmidt_down,+,ecocyc,no,no
soxr,ATAGCTCACTTTGTTAACAAC,arof,schmidt_down,+,ecocyc,no,no
soxr,ATGGCACGTAACGCCAACCTT,arof,schmidt_down,+,ecocyc,no,no
soxr,ATGGCATGATTCGCTTAT,arof,schmidt_down,+,regdb,no,no
soxr,ATGGCATGATTCGCTTATC,arof,schmidt_down,+,ecocyc,no,no
soxr,ATTATGCCTTATTGTGCCGTG,arof,schmidt_down,+,ecocyc,no,no
soxr,ATTTAGCAAAACGTGGCATCG,arof,schmidt_down,+,ecocyc,no,no
soxr,ATTTGTCATTTTGTGCCGTGG,arof,schmidt_down,+,ecocyc,no,no
soxr,CAACAGATGAATTAACGAA,arof,schmidt_down,+,ecocyc,no,no
soxr,CATCCTCGCTGAGGATCA,arof,schmidt_down,+,regdb,no,no
soxr,CATGTAGCACAGTGTGCAGTC,arof,schmidt_down,+,ecocyc,no,no
soxr,CCGTGGCACAAATGGGCAATT,arof,schmidt_down,+,ecocyc,no,no
soxr,CCTCAAGTTAACTTGAGG,arof,schmidt_down,+,regdb,no,no
soxr,CGGAATGGCGAAATAAGCACC,arof,schmidt_down,+,ecocyc,no,no
soxr,CTATTTAACCGTTAGTGCCTC,arof,schmidt_down,+,ecocyc,no,no
soxr,CTCTTTTATCAATTTGGGTTG,arof,schmidt_down,+,ecocyc,no,no
soxr,GATTTGATCGATTGAGCCTTC,arof,schmidt_down,+,ecocyc,no,no
soxr,GCACTGAATGTCAAAACAAAA,arof,schmidt_down,+,ecocyc,no,no
soxr,GGGGACACAAAAGCGAAAATG,arof,schmidt_down,+,ecocyc,no,no
soxr,GTCGCTCGTTACGTTAAAAAT,arof,schmidt_down,+,ecocyc,no,no
soxr,GTCGGCTTTTCCCCTGAAACA,arof,schmidt_down,+,ecocyc,no,no
soxr,GTTGCATTAATTGCTAAAAGC,arof,schmidt_down,+,ecocyc,no,no
soxr,TAAAACAGCAAAAAATGCTAT,arof,schmidt_down,+,ecocyc,no,no
soxr,TACGACACGTTTCATTAAGAT,arof,schmidt_down,+,ecocyc,no,no
soxr,TATAGCGCATTTTTCTCGCTT,arof,schmidt_down,+,ecocyc,no,no
soxr,TCACAAAATTAATGAAAC,arof,schmidt_down,+,regdb,no,no
soxr,TCATCCTCGCTGAGGATCA,arof,schmidt_down,+,ecocyc,no,no
soxr,TCATTTGATCCATTATGCCTT,arof,schmidt_down,+,ecocyc,no,no
soxr,TCCCCAACAGATGAATTAACG,arof,schmidt_down,+,ecocyc,no,no
soxr,TCGCATAAACCACTACATCTT,arof,schmidt_down,+,ecocyc,no,no
soxr,TGACAGATTTGTGCCATTCCG,arof,schmidt_down,+,ecocyc,no,no
soxr,TGTTTAGGTTTTGTTTAAGTT,arof,schmidt_down,+,ecocyc,no,no
soxr,TGTTTTGTCAAAATGTGCAAC,arof,schmidt_down,+,ecocyc,no,no
soxr,TTAATAGATAATGCCAATCAA,arof,schmidt_down,+,ecocyc,no,no
soxr,TTCACAAAATTAATGAAAC,arof,schmidt_down,+,ecocyc,no,no
soxr,TTGTTTGGTTTTTCGTGCCAT,arof,schmidt_down,+,ecocyc,no,no
soxr,TTTGCACATTTTGCTAATTTC,arof,schmidt_down,+,ecocyc,no,no
soxs,AAAACAGCAAAAAATGCTAT,ybjn_zint,schmidt_down,+,regdb,no,yes
soxs,AAAGCTATAACTGTTAAACA,ybjn_zint,schmidt_down,+,regdb,no,yes
soxs,AAGTACGGCATTGATAATCA,ybjn_zint,schmidt_down,+,regdb,no,yes
soxs,ACCGCACAAAAGGGGAGTGC,ybjn_zint,schmidt_down,+,regdb,no,yes
soxs,ACGACACGTTTCATTAAGAT,ybjn_zint,schmidt_down,+,regdb,no,yes
soxs,ACGGCACTAAAACCATCACA,ybjn_zint,schmidt_down,+,regdb,no,yes
soxs,ACTACATCTTGCTCCTGTTA,ybjn_zint,schmidt_down,+,regdb,no,yes
soxs,AGCAGAAACTGTAAAACGCA,ybjn_zint,schmidt_down,+,regdb,no,yes
soxs,ATAGCGCATTTTTCTCGCTT,ybjn_zint,schmidt_down,+,regdb,no,yes
soxs,ATAGCTCACTTTGTTAACAA,ybjn_zint,schmidt_down,+,regdb,no,yes
soxs,ATCGCACGGGTGGATAAGCG,ybjn_zint,schmidt_down,+,regdb,no,yes
soxs,ATGGCACGTAACGCCAACCT,ybjn_zint,schmidt_down,+,regdb,no,yes
soxs,ATGTAGCACAGTGTGCAGTC,ybjn_zint,schmidt_down,+,regdb,no,yes
soxs,ATTATGCCTTATTGTGCCGT,ybjn_zint,schmidt_down,+,regdb,no,yes
soxs,ATTTAGCAAAACGTGGCATC,ybjn_zint,schmidt_down,+,regdb,no,yes
soxs,ATTTGATCGATTGAGCCTTC,ybjn_zint,schmidt_down,+,regdb,no,yes
soxs,ATTTGTCATTTTGTGCCGTG,ybjn_zint,schmidt_down,+,regdb,no,yes
soxs,CACAAAAGCGAAAATGCAGA,ybjn_zint,schmidt_down,+,regdb,no,yes
soxs,CATGGCACGAAAGACCAAAC,ybjn_zint,schmidt_down,+,regdb,no,yes
soxs,CCCCAACAGATGAATTAACG,ybjn_zint,schmidt_down,+,regdb,no,yes
soxs,CGGAATGGCGAAATAAGCAC,ybjn_zint,schmidt_down,+,regdb,no,yes
soxs,CGTGGCACAAATGGGCAATT,ybjn_zint,schmidt_down,+,regdb,no,yes
soxs,CTCTTTTATCAATTTGGGTT,ybjn_zint,schmidt_down,+,regdb,no,yes
soxs,GACAGATTTGTGCCATTCCG,ybjn_zint,schmidt_down,+,regdb,no,yes
soxs,GCACTGAATGTCAAAACAAA,ybjn_zint,schmidt_down,+,regdb,no,yes
soxs,GGGACACAAAAGCGAAAATG,ybjn_zint,schmidt_down,+,regdb,no,yes
soxs,GTCGCTCGTTACGTTAAAAA,ybjn_zint,schmidt_down,+,regdb,no,yes
soxs,GTGGCACGTTTGGCGAAATT,ybjn_zint,schmidt_down,+,regdb,no,yes
soxs,GTTGCATTAATTGCTAAAAG,ybjn_zint,schmidt_down,+,regdb,no,yes
soxs,TAATAGATAATGCCAATCAA,ybjn_zint,schmidt_down,+,regdb,no,yes
soxs,TATTTAACCGTTAGTGCCTC,ybjn_zint,schmidt_down,+,regdb,no,yes
soxs,TCATTTGATCCATTATGCCT,ybjn_zint,schmidt_down,+,regdb,no,yes
soxs,TCGCATAAACCACTACATCT,ybjn_zint,schmidt_down,+,regdb,no,yes
soxs,TCGGCTTTTCCCCTGAAACA,ybjn_zint,schmidt_down,+,regdb,no,yes
soxs,TGTTTAGGTTTTGTTTAAGT,ybjn_zint,schmidt_down,+,regdb,no,yes
soxs,TGTTTGGTTTTTCGTGCCAT,ybjn_zint,schmidt_down,+,regdb,no,yes
soxs,TGTTTTGTCAAAATGTGCAA,ybjn_zint,schmidt_down,+,regdb,no,yes
soxs,TTTGCACATTTTGCTAATTT,ybjn_zint,schmidt_down,+,regdb,no,yes
stpa,AATAATAAAACGAAT,prov,schmidt_down,-,regdb,no,no
stpa,TAATAATAAAACGAAT,prov,schmidt_down,-,ecocyc,no,no
tdca,ATAAAATATGGTTAT,tdce,schmidt_down,+,regdb,no,no
tdca,CATAAAATATGGTTAT,tdce,schmidt_down,+,ecocyc,no,no
tdcr,CGAATGATGTTAT,tdce,schmidt_down,+,ecocyc,no,no
tdcr,GAATGATGTTAT,tdce,schmidt_down,+,regdb,no,no
tyrr,AACGGAATTGCAAACTTAC,arof,schmidt_down,-,ecocyc,no,no
tyrr,ACGGAATTGCAAACTTAC,arof,schmidt_down,-,regdb,no,no
tyrr,ATGGATTGAAAACTTTACT,arof,schmidt_down,-,ecocyc,no,no
tyrr,ATGTAAACAAATTAATAC,arof,schmidt_down,-,regdb,no,no
tyrr,CGTAAACCTGGAGAACCA,arof,schmidt_down,-,regdb,no,no
tyrr,CGTAAACCTGGAGAACCAT,arof,schmidt_down,-,ecocyc,no,no
tyrr,CGTAAATCACACTTTACA,arof,schmidt_down,-,regdb,no,no
tyrr,CGTAAATCACACTTTACAG,arof,schmidt_down,-,ecocyc,no,no
tyrr,CGTAATCATCGCTGAACA,arof,schmidt_down,-,regdb,no,no
tyrr,CTGTAAAATAATATATACA,arof,schmidt_down,-,ecocyc,no,no
tyrr,GATGTAAACAAATTAATAC,arof,schmidt_down,-,ecocyc,no,no
tyrr,GCGTAATCATCGCTGAACA,arof,schmidt_down,-,ecocyc,no,no
tyrr,GGAATTTTTTCTTTACAA,arof,schmidt_down,-,regdb,no,no
tyrr,GGAATTTTTTCTTTACAAT,arof,schmidt_down,-,ecocyc,no,no
tyrr,GTGTAAAACCCCGTTTAC,arof,schmidt_down,-,regdb,no,no
tyrr,GTGTAAAACCCCGTTTACA,arof,schmidt_down,-,ecocyc,no,no
tyrr,GTGTAAATAAAAATGTACG,arof,schmidt_down,-,ecocyc,no,no
tyrr,GTGTAAATTTATCTATACA,arof,schmidt_down,-,ecocyc,no,no
tyrr,TAATTTATTATTTACACT,arof,schmidt_down,-,regdb,no,no
tyrr,TAATTTATTATTTACACTT,arof,schmidt_down,-,ecocyc,no,no
tyrr,TGACCGGATATCTTTACG,arof,schmidt_down,-,regdb,no,no
tyrr,TGACCGGATATCTTTACGC,arof,schmidt_down,-,ecocyc,no,no
tyrr,TGAGATTTTCACTTTAAG,arof,schmidt_down,-,regdb,no,no
tyrr,TGAGATTTTCACTTTAAGT,arof,schmidt_down,-,ecocyc,no,no
tyrr,TGGATTGAAAACTTTACT,arof,schmidt_down,-,regdb,no,no
tyrr,TGTAAAATAATATATACA,arof,schmidt_down,-,regdb,no,no
tyrr,TGTAAATAAAAATGTACG,arof,schmidt_down,-,regdb,no,no
tyrr,TGTAAATTTATCTATACA,arof,schmidt_down,-,regdb,no,no
tyrr,TGTAACGTCGGTTTGACG,arof,schmidt_down,-,regdb,no,no
tyrr,TGTAACGTCGGTTTGACGA,arof,schmidt_down,-,ecocyc,no,no
tyrr,TGTAATGCGGCGAGTCCA,arof,schmidt_down,-,regdb,no,no
tyrr,TGTAATGCGGCGAGTCCAG,arof,schmidt_down,-,ecocyc,no,no
tyrr,TGTACATTTATATTTACA,arof,schmidt_down,-,regdb,no,no
tyrr,TGTACATTTATATTTACAC,arof,schmidt_down,-,ecocyc,no,no
tyrr,TGTCAATGATTGTTGACA,arof,schmidt_down,-,regdb,no,no
tyrr,TGTCAATGATTGTTGACAG,arof,schmidt_down,-,ecocyc,no,no
tyrr,TGTTTCAAAAAGTTGACG,arof,schmidt_down,-,regdb,no,no
tyrr,TGTTTCAAAAAGTTGACGC,arof,schmidt_down,-,ecocyc,no,no
uidr,ATACGCTCGAACGAACG,uidr,schmidt_down,-,ecocyc,no,no
uidr,TACGCTCGAACGAACG,uidr,schmidt_down,-,regdb,no,no
uvry,TGTGAGACATTGCCGATA,ydep,schmidt_down,+,regdb,no,no
uvry,TGTGAGACATTGCCGATAG,ydep,schmidt_down,+,ecocyc,no,no
uvry,TGTGAGAGATCTCTTACA,ydep,schmidt_down,+,regdb,no,no
uvry,TTGTGAGAGATCTCTTACA,ydep,schmidt_down,+,ecocyc,no,no
ycit,CGACGATCGTTTTCATTTGAAAGGAAACGCA,cusf,schmidt_down,-,regdb,no,no
ycit,CGACGATCGTTTTCATTTGAAAGGAAACGCAA,cusf,schmidt_down,-,ecocyc,no,no
ycit,CGCAACAACGTCTGAAGTATCCAGATAC,cusf,schmidt_down,-,regdb,no,no
ycit,CGTCACGTTTTCATTCGAAAATCGCGTACC,cusf,schmidt_down,-,regdb,no,no
ycit,GCTCCTGGGGATTCACTCGCTTGTCG,cusf,schmidt_down,-,regdb,no,no
ycit,GCTCCTGGGGATTCACTCGCTTGTCGC,cusf,schmidt_down,-,ecocyc,no,no
ycit,GGTACGCGATTTTCGAATGAAAACGTGACGA,cusf,schmidt_down,-,ecocyc,no,no
ycit,GTATCTGGATACTTCAGACGTTGTTGCGG,cusf,schmidt_down,-,ecocyc,no,no
yfec,ACAGTTTAAGATTTTCCTGCTTTCAAGATATATAACG,hybe,schmidt_down,-,regdb,no,no
yfec,ACAGTTTAAGATTTTCCTGCTTTCAAGATATATAACGT,hybe,schmidt_down,-,ecocyc,no,no
yfec,CATAGAACTGCGATGACCGGGCTGTAAAGCCTGA,hybe,schmidt_down,-,regdb,no,no
yfec,CCAATAAAGCCATTGAATTTATTCAAGTTTAGGTAG,hybe,schmidt_down,-,regdb,no,no
yfec,CCAATAAAGCCATTGAATTTATTCAAGTTTAGGTAGA,hybe,schmidt_down,-,ecocyc,no,no
yfec,CGCTTGAGCAGGTTCTGGCTGCGCTGCGTGAATCTGGC,hybe,schmidt_down,-,regdb,no,no
yfec,GCCAGATTCACGCAGCGCAGCCAGAACCTGCTCAAGCGC,hybe,schmidt_down,-,ecocyc,no,no
yfec,GGTTGGAAATTTGGTGGAGCTAAGCGGGATCGAA,hybe,schmidt_down,-,regdb,no,no
yfec,GGTTGGAAATTTGGTGGAGCTAAGCGGGATCGAAC,hybe,schmidt_down,-,ecocyc,no,no
yfec,TCAGGCTTTACAGCCCGGTCATCGCAGTTCTATGT,hybe,schmidt_down,-,ecocyc,no,no
yfec,TGGCGTTGATGCCAGCGGCAAACCGAATTAATCAA,hybe,schmidt_down,-,regdb,no,no
yfec,TGGCGTTGATGCCAGCGGCAAACCGAATTAATCAAA,hybe,schmidt_down,-,ecocyc,no,no
zur,ATATTATAACAGTTCATCGTACT,zint,schmidt_down,-,regdb,no,no
zur,GAAATGTTATAATATCACACTTC,zint,schmidt_down,-,regdb,no,no
zur,GAAGTGTGATATTATAACATTTC,zint,schmidt_down,-,regdb,no,no
zur,GGTTATGTTATAACATAACAGGTA,zint,schmidt_down,-,ecocyc,no,no
zur,GTTATGTTATAACATAACAGGTA,zint,schmidt_down,-,regdb,no,no
zur,TATATGTTACAATATAACATTAC,zint,schmidt_down,-,regdb,no,no
zur,TATATGTTACAATATAACATTACA,zint,schmidt_down,-,ecocyc,no,no
zur,TATATTATAACAGTTCATCGTACT,zint,schmidt_down,-,ecocyc,no,no
zur,TGAAATGTTATAATATCACACTTC,zint,schmidt_down,-,ecocyc,no,no
