gene,regulator,polarity,source,is_global_regulator,is_sigma_factor,deg_source
accd,accd,-,ecocyc_28,no,no,lu_down
accd,acca,-,ecocyc_28,no,no,lu_down
accd,rpod,+,ecocyc_28,no,yes,lu_down
accd,fadr,+,ecocyc_28_AND_regdb_13,no,no,lu_down
acnb,fis,-,ecocyc_28,yes,no,lu_down
acnb,rpod,+,ecocyc_28,no,yes,lu_down
acnb,ryhb,-,ecocyc_28,yes,no,lu_down
acnb,acnb,+,ecocyc_28,no,no,lu_down
acnb,cra,±,ecocyc_28,yes,no,lu_down
acnb,arca,-,ecocyc_28_AND_regdb_13,yes,no,lu_down
acnb,crp,+,ecocyc_28,yes,no,lu_down
acps,rpod,+,ecocyc_28,no,yes,lu_down
amn,phob,+,ecocyc_28,yes,no,lu_down
amn,nac,-,ecocyc_28_AND_regdb_13,yes,no,lu_down
aroa,crp,-,ecocyc_28_AND_regdb_13,yes,no,lu_down
aroa,rpod,+,ecocyc_28,no,yes,lu_down
aroa,lrp,±,ecocyc_28_AND_regdb_13,yes,no,lu_down
arob,glar,-,ecocyc_28_AND_regdb_13,yes,no,lu_down
arob,rpod,+,ecocyc_28,no,yes,lu_down
arod,rpod,+,ecocyc_28,no,yes,lu_down
arod,nac,-,ecocyc_28_AND_regdb_13,yes,no,lu_down
arog,tyrr,-,ecocyc_28_AND_regdb_13,no,no,lu_down
arog,cpxr,+,ecocyc_28_AND_regdb_13,yes,no,lu_down
arog,rpod,+,ecocyc_28,no,yes,lu_down
arog,lrp,±,ecocyc_28,yes,no,lu_down
aroh,rpod,+,ecocyc_28,no,yes,lu_down
aroh,trpr,-,ecocyc_28_AND_regdb_13,no,no,lu_down
arok,argr,-,ecocyc_28_AND_regdb_13,yes,no,lu_down
arok,rpod,+,ecocyc_28,no,yes,lu_down
asd,gcvb,-,ecocyc_28,yes,no,lu_down
asd,sgrs,-,ecocyc_28,no,no,lu_down
asd,argp,+,ecocyc_28_AND_regdb_13,no,no,lu_down
aspc,fnr,±,ecocyc_28,yes,no,lu_down
aspc,lrp,+,ecocyc_28,yes,no,lu_down
aspc,fur,-,ecocyc_28,yes,no,lu_down
atpb,cpxr,+,ecocyc_28_AND_regdb_13,yes,no,lu_down
atpb,rpod,+,ecocyc_28,no,yes,lu_down
atpe,rpod,+,ecocyc_28,no,yes,lu_down
atpf,rpod,+,ecocyc_28,no,yes,lu_down
atph,rpod,+,ecocyc_28,no,yes,lu_down
atph,lrp,-,ecocyc_28,yes,no,lu_down
bcp,rpod,+,ecocyc_28,no,yes,lu_down
cbl,rpod,+,ecocyc_28,no,yes,lu_down
cbl,cpxr,-,ecocyc_28,yes,no,lu_down
cbl,cysb,+,ecocyc_28_AND_regdb_13,yes,no,lu_down
cbl,glng,+,ecocyc_28,yes,no,lu_down
cbl,lrp,+,ecocyc_28,yes,no,lu_down
cobt,rpod,+,ecocyc_28,no,yes,lu_down
cobt,nac,-,ecocyc_28_AND_regdb_13,yes,no,lu_down
cspb,rpod,+,ecocyc_28,no,yes,lu_down
cspb,zrar,+,ecocyc_28_AND_regdb_13,no,no,lu_down
cspc,btsr,-,ecocyc_28_AND_regdb_13,no,no,lu_down
cspc,rpod,+,ecocyc_28,no,yes,lu_down
cspc,rpon,-,ecocyc_28,no,yes,lu_down
cspe,rpod,+,ecocyc_28,no,yes,lu_down
cspe,dinj,-,ecocyc_28,no,no,lu_down
cspe,ydip,+,ecocyc_28,no,no,lu_down
cspe,yafq,-,ecocyc_28,no,no,lu_down
cspe,crp,+,ecocyc_28_AND_regdb_13,yes,no,lu_down
cspe,dinj-yafq,-,regdb_13,no,no,lu_down
cspi,basr,+,ecocyc_28_AND_regdb_13,no,no,lu_down
cspi,fis,-,ecocyc_28,yes,no,lu_down
cvpa,argr,-,ecocyc_28_AND_regdb_13,yes,no,lu_down
cvpa,purr,-,ecocyc_28_AND_regdb_13,yes,no,lu_down
cvpa,rpod,+,ecocyc_28,no,yes,lu_down
cyoe,fnr,-,ecocyc_28,yes,no,lu_down
cyoe,rpod,+,ecocyc_28,no,yes,lu_down
cyoe,gade,+,ecocyc_28,yes,no,lu_down
cyoe,pdhr,-,ecocyc_28_AND_regdb_13,yes,no,lu_down
cyoe,fis,+,ecocyc_28,yes,no,lu_down
cyoe,cra,±,ecocyc_28,yes,no,lu_down
cyoe,fur,-,ecocyc_28,yes,no,lu_down
cyoe,hprr,-,ecocyc_28,no,no,lu_down
cyoe,arca,-,ecocyc_28_AND_regdb_13,yes,no,lu_down
cyoe,crp,+,ecocyc_28,yes,no,lu_down
cyoe,cusr,+,ecocyc_28,no,no,lu_down
cysa,cysb,+,ecocyc_28_AND_regdb_13,yes,no,lu_down
cysa,rpod,+,ecocyc_28,no,yes,lu_down
cysa,hns,-,ecocyc_28,yes,no,lu_down
cysb,lrp,-,ecocyc_28,yes,no,lu_down
cysb,phop,+,ecocyc_28,no,no,lu_down
cysb,rpod,+,ecocyc_28,no,yes,lu_down
cysb,cysb,-,ecocyc_28,yes,no,lu_down
cysc,cysb,+,ecocyc_28_AND_regdb_13,yes,no,lu_down
cysc,rpod,+,ecocyc_28,no,yes,lu_down
cysd,cysb,+,ecocyc_28_AND_regdb_13,yes,no,lu_down
cysd,rpod,+,ecocyc_28,no,yes,lu_down
cysh,rpod,+,ecocyc_28,no,yes,lu_down
cysh,ihfa,+,ecocyc_28,yes,no,lu_down
cysh,cysb,+,ecocyc_28,yes,no,lu_down
cysh,hypt,+,ecocyc_28,no,no,lu_down
cysh,ihfb,+,ecocyc_28,yes,no,lu_down
cysh,ihf,+,regdb_13,no,no,lu_down
cysi,cysb,+,ecocyc_28,yes,no,lu_down
cysi,rpod,+,ecocyc_28,no,yes,lu_down
cysi,ihfa,+,ecocyc_28,yes,no,lu_down
cysi,ihfb,+,ecocyc_28,yes,no,lu_down
cysi,ihf,+,regdb_13,no,no,lu_down
cysj,rpod,+,ecocyc_28,no,yes,lu_down
cysj,ihfa,+,ecocyc_28,yes,no,lu_down
cysj,cysb,+,ecocyc_28,yes,no,lu_down
cysj,nac,-,ecocyc_28_AND_regdb_13,yes,no,lu_down
cysj,ihfb,+,ecocyc_28,yes,no,lu_down
cysj,yafc,+,ecocyc_28,no,no,lu_down
cysj,yeie,-,ecocyc_28,no,no,lu_down
cysj,ihf,+,regdb_13,no,no,lu_down
cysm,cysb,+,ecocyc_28_AND_regdb_13,yes,no,lu_down
cysm,rpod,+,ecocyc_28,no,yes,lu_down
cysm,hns,-,ecocyc_28,yes,no,lu_down
cysn,cysb,+,ecocyc_28_AND_regdb_13,yes,no,lu_down
cysn,rpod,+,ecocyc_28,no,yes,lu_down
cysn,glar,+,ecocyc_28_AND_regdb_13,yes,no,lu_down
cysu,cysb,+,ecocyc_28_AND_regdb_13,yes,no,lu_down
cysu,rpod,+,ecocyc_28,no,yes,lu_down
cysu,hns,-,ecocyc_28,yes,no,lu_down
cysw,cysb,+,ecocyc_28_AND_regdb_13,yes,no,lu_down
cysw,rpod,+,ecocyc_28,no,yes,lu_down
cysw,hns,-,ecocyc_28,yes,no,lu_down
dada,nac,+,ecocyc_28_AND_regdb_13,yes,no,lu_down
dada,rpod,+,ecocyc_28,no,yes,lu_down
dada,lrp,±,ecocyc_28,yes,no,lu_down
dada,crp,±,ecocyc_28_AND_regdb_13,yes,no,lu_down
dadx,rpod,+,ecocyc_28,no,yes,lu_down
dadx,lrp,-,ecocyc_28_AND_regdb_13,yes,no,lu_down
dadx,crp,±,ecocyc_28_AND_regdb_13,yes,no,lu_down
damx,rpod,+,ecocyc_28,no,yes,lu_down
dld,nac,-,ecocyc_28_AND_regdb_13,yes,no,lu_down
dosc,hns,-,ecocyc_28,yes,no,lu_down
dppa,fnr,-,ecocyc_28,yes,no,lu_down
dppa,lrp,±,ecocyc_28,yes,no,lu_down
dppa,rpod,+,ecocyc_28,no,yes,lu_down
dppa,ihfa,+,ecocyc_28,yes,no,lu_down
dppa,arca,+,ecocyc_28_AND_regdb_13,yes,no,lu_down
dppa,gcvb,-,ecocyc_28,yes,no,lu_down
dppa,nac,-,ecocyc_28_AND_regdb_13,yes,no,lu_down
dppa,ihfb,+,ecocyc_28,yes,no,lu_down
dppb,fur,+,ecocyc_28_AND_regdb_13,yes,no,lu_down
dppb,fnr,-,ecocyc_28,yes,no,lu_down
dppb,rpod,+,ecocyc_28,no,yes,lu_down
dppb,ihfa,+,ecocyc_28,yes,no,lu_down
dppb,gcvb,-,ecocyc_28,yes,no,lu_down
dppb,spf,+,ecocyc_28,yes,no,lu_down
dppb,ihfb,+,ecocyc_28,yes,no,lu_down
dppc,fur,+,ecocyc_28_AND_regdb_13,yes,no,lu_down
dppc,fnr,-,ecocyc_28,yes,no,lu_down
dppc,rpod,+,ecocyc_28,no,yes,lu_down
dppc,ihfa,+,ecocyc_28,yes,no,lu_down
dppc,gcvb,-,ecocyc_28,yes,no,lu_down
dppc,ihfb,+,ecocyc_28,yes,no,lu_down
dppd,fur,+,ecocyc_28_AND_regdb_13,yes,no,lu_down
dppd,fnr,-,ecocyc_28,yes,no,lu_down
dppd,rpod,+,ecocyc_28,no,yes,lu_down
dppd,ihfa,+,ecocyc_28,yes,no,lu_down
dppd,gcvb,-,ecocyc_28,yes,no,lu_down
dppd,ihfb,+,ecocyc_28,yes,no,lu_down
dppf,fur,+,ecocyc_28_AND_regdb_13,yes,no,lu_down
dppf,fnr,-,ecocyc_28,yes,no,lu_down
dppf,rpod,+,ecocyc_28,no,yes,lu_down
dppf,ihfa,+,ecocyc_28,yes,no,lu_down
dppf,gcvb,-,ecocyc_28,yes,no,lu_down
dppf,ihfb,+,ecocyc_28,yes,no,lu_down
fabb,rpod,+,ecocyc_28,no,yes,lu_down
fabb,fabr,-,ecocyc_28_AND_regdb_13,no,no,lu_down
fabb,fadr,+,ecocyc_28_AND_regdb_13,no,no,lu_down
fhuf,oxyr,-,ecocyc_28_AND_regdb_13,yes,no,lu_down
fhuf,nac,-,ecocyc_28_AND_regdb_13,yes,no,lu_down
fhuf,fur,-,ecocyc_28_AND_regdb_13,yes,no,lu_down
fhuf,rpod,+,ecocyc_28,no,yes,lu_down
fkpb,rpoh,+,ecocyc_28,no,yes,lu_down
fkpb,rpod,+,ecocyc_28,no,yes,lu_down
fole,rpod,+,ecocyc_28,no,yes,lu_down
fole,sgrs,-,ecocyc_28_AND_regdb_13,no,no,lu_down
fole,metj,-,ecocyc_28_AND_regdb_13,no,no,lu_down
fole,fnrs,-,ecocyc_28,no,no,lu_down
fole,arca,-,ecocyc_28_AND_regdb_13,yes,no,lu_down
frr,rpod,+,ecocyc_28,no,yes,lu_down
ftsl,mraz,-,ecocyc_28_AND_regdb_13,no,no,lu_down
ftsl,pdhr,-,ecocyc_28_AND_regdb_13,yes,no,lu_down
ftsl,lexa,-,ecocyc_28,yes,no,lu_down
ftsl,rpod,+,ecocyc_28,no,yes,lu_down
gadx,fis,-,ecocyc_28,yes,no,lu_down
gadx,rcsb,±,ecocyc_28_AND_regdb_13,yes,no,lu_down
gadx,rutr,-,ecocyc_28_AND_regdb_13,no,no,lu_down
gadx,fnr,-,ecocyc_28,yes,no,lu_down
gadx,rpod,+,ecocyc_28,no,yes,lu_down
gadx,torr,±,ecocyc_28,no,no,lu_down
gadx,arca,+,ecocyc_28,yes,no,lu_down
gadx,gade,+,ecocyc_28_AND_regdb_13,yes,no,lu_down
gadx,gadw,±,ecocyc_28_AND_regdb_13,no,no,lu_down
gadx,rpos,+,ecocyc_28,no,yes,lu_down
gadx,nac,-,ecocyc_28_AND_regdb_13,yes,no,lu_down
gadx,crp,-,ecocyc_28,yes,no,lu_down
gadx,glar,+,ecocyc_28_AND_regdb_13,yes,no,lu_down
gadx,gadx,+,ecocyc_28_AND_regdb_13,yes,no,lu_down
gadx,adiy,+,ecocyc_28_AND_regdb_13,no,no,lu_down
gadx,phob,+,ecocyc_28,yes,no,lu_down
gadx,hns,-,ecocyc_28,yes,no,lu_down
gadx,gady,+,ecocyc_28,no,no,lu_down
gadx,h-ns,-,regdb_13,no,no,lu_down
gadx,gadrcs,+,regdb_13,no,no,lu_down
gatz,arca,-,ecocyc_28,yes,no,lu_down
gatz,crp,+,ecocyc_28_AND_regdb_13,yes,no,lu_down
gatz,rpod,+,ecocyc_28,no,yes,lu_down
gcvb,rpod,+,ecocyc_28,no,yes,lu_down
gcvb,gcva,+,ecocyc_28_AND_regdb_13,no,no,lu_down
gcvb,arca,+,ecocyc_28_AND_regdb_13,yes,no,lu_down
gcvh,rpod,+,ecocyc_28,no,yes,lu_down
gcvh,lrp,+,ecocyc_28_AND_regdb_13,yes,no,lu_down
gcvh,fnr,+,ecocyc_28,yes,no,lu_down
gcvh,purr,-,ecocyc_28,yes,no,lu_down
gcvh,gcva,±,ecocyc_28_AND_regdb_13,no,no,lu_down
gcvh,crp,+,ecocyc_28_AND_regdb_13,yes,no,lu_down
gcvp,rpod,+,ecocyc_28,no,yes,lu_down
gcvp,lrp,+,ecocyc_28_AND_regdb_13,yes,no,lu_down
gcvp,fnr,+,ecocyc_28,yes,no,lu_down
gcvp,purr,-,ecocyc_28,yes,no,lu_down
gcvp,gcva,±,ecocyc_28_AND_regdb_13,no,no,lu_down
gcvp,crp,+,ecocyc_28_AND_regdb_13,yes,no,lu_down
gcvr,rpod,+,ecocyc_28,no,yes,lu_down
gcvt,rpod,+,ecocyc_28,no,yes,lu_down
gcvt,lrp,±,ecocyc_28_AND_regdb_13,yes,no,lu_down
gcvt,nac,-,ecocyc_28_AND_regdb_13,yes,no,lu_down
gcvt,fnr,+,ecocyc_28,yes,no,lu_down
gcvt,purr,-,ecocyc_28,yes,no,lu_down
gcvt,gcva,±,ecocyc_28_AND_regdb_13,no,no,lu_down
gcvt,crp,+,ecocyc_28_AND_regdb_13,yes,no,lu_down
gdha,spf,-,ecocyc_28_AND_regdb_13,yes,no,lu_down
gdha,rpod,+,ecocyc_28,no,yes,lu_down
gdha,argp,+,ecocyc_28_AND_regdb_13,no,no,lu_down
gdha,lrp,-,ecocyc_28,yes,no,lu_down
gdha,gcvb,-,ecocyc_28_AND_regdb_13,yes,no,lu_down
gdha,glar,-,ecocyc_28_AND_regdb_13,yes,no,lu_down
gdha,nac,-,ecocyc_28_AND_regdb_13,yes,no,lu_down
gdha,fnr,+,ecocyc_28,yes,no,lu_down
gdha,crp,-,ecocyc_28,yes,no,lu_down
gdha,fur,±,ecocyc_28,yes,no,lu_down
glgs,rob,+,ecocyc_28,yes,no,lu_down
glgs,rpos,+,ecocyc_28,no,yes,lu_down
glgs,crp,+,ecocyc_28_AND_regdb_13,yes,no,lu_down
glgs,csra,-,ecocyc_28,no,no,lu_down
gltb,fnr,-,ecocyc_28_AND_regdb_13,yes,no,lu_down
gltb,rpod,+,ecocyc_28,no,yes,lu_down
gltb,ihfa,+,ecocyc_28,yes,no,lu_down
gltb,gade,+,ecocyc_28_AND_regdb_13,yes,no,lu_down
gltb,lrp,+,ecocyc_28_AND_regdb_13,yes,no,lu_down
gltb,rpos,+,ecocyc_28,no,yes,lu_down
gltb,nac,-,ecocyc_28,yes,no,lu_down
gltb,crp,-,ecocyc_28_AND_regdb_13,yes,no,lu_down
gltb,argr,-,ecocyc_28_AND_regdb_13,yes,no,lu_down
gltb,fur,-,ecocyc_28,yes,no,lu_down
gltb,hdfr,+,ecocyc_28_AND_regdb_13,no,no,lu_down
gltb,ihfb,+,ecocyc_28,yes,no,lu_down
gltb,adiy,+,ecocyc_28_AND_regdb_13,no,no,lu_down
gltb,ihf,+,regdb_13,no,no,lu_down
gltd,fnr,-,ecocyc_28_AND_regdb_13,yes,no,lu_down
gltd,rpod,+,ecocyc_28,no,yes,lu_down
gltd,ihfa,+,ecocyc_28,yes,no,lu_down
gltd,gade,+,ecocyc_28_AND_regdb_13,yes,no,lu_down
gltd,lrp,+,ecocyc_28_AND_regdb_13,yes,no,lu_down
gltd,rpos,+,ecocyc_28,no,yes,lu_down
gltd,nac,-,ecocyc_28,yes,no,lu_down
gltd,yiau,+,ecocyc_28,no,no,lu_down
gltd,crp,-,ecocyc_28_AND_regdb_13,yes,no,lu_down
gltd,argr,-,ecocyc_28_AND_regdb_13,yes,no,lu_down
gltd,fur,-,ecocyc_28,yes,no,lu_down
gltd,hdfr,+,ecocyc_28_AND_regdb_13,no,no,lu_down
gltd,ihfb,+,ecocyc_28,yes,no,lu_down
gltd,adiy,+,ecocyc_28_AND_regdb_13,no,no,lu_down
gltd,ihf,+,regdb_13,no,no,lu_down
glya,purr,-,ecocyc_28_AND_regdb_13,yes,no,lu_down
glya,rpod,+,ecocyc_28,no,yes,lu_down
glya,metr,±,ecocyc_28_AND_regdb_13,no,no,lu_down
hdea,phop,+,ecocyc_28_AND_regdb_13,no,no,lu_down
hdea,rpod,+,ecocyc_28,no,yes,lu_down
hdea,fliz,-,ecocyc_28_AND_regdb_13,no,no,lu_down
hdea,lrp,-,ecocyc_28,yes,no,lu_down
hdea,rcsb,+,ecocyc_28,yes,no,lu_down
hdea,gade,+,ecocyc_28_AND_regdb_13,yes,no,lu_down
hdea,gadw,±,ecocyc_28,no,no,lu_down
hdea,rpos,+,ecocyc_28,no,yes,lu_down
hdea,torr,+,ecocyc_28,no,no,lu_down
hdea,gadx,±,ecocyc_28,yes,no,lu_down
hdea,mara,-,ecocyc_28_AND_regdb_13,yes,no,lu_down
hdea,hns,-,ecocyc_28,yes,no,lu_down
hdea,h-ns,-,regdb_13,no,no,lu_down
hdeb,phop,+,ecocyc_28_AND_regdb_13,no,no,lu_down
hdeb,rpod,+,ecocyc_28,no,yes,lu_down
hdeb,fliz,-,ecocyc_28_AND_regdb_13,no,no,lu_down
hdeb,lrp,-,ecocyc_28,yes,no,lu_down
hdeb,rcsb,+,ecocyc_28,yes,no,lu_down
hdeb,gade,+,ecocyc_28_AND_regdb_13,yes,no,lu_down
hdeb,gadw,±,ecocyc_28_AND_regdb_13,no,no,lu_down
hdeb,rpos,+,ecocyc_28,no,yes,lu_down
hdeb,torr,+,ecocyc_28,no,no,lu_down
hdeb,gadx,±,ecocyc_28,yes,no,lu_down
hdeb,mara,-,ecocyc_28_AND_regdb_13,yes,no,lu_down
hdeb,hns,-,ecocyc_28,yes,no,lu_down
hdeb,h-ns,-,regdb_13,no,no,lu_down
hha,basr,+,ecocyc_28_AND_regdb_13,no,no,lu_down
hha,cpxr,+,ecocyc_28_AND_regdb_13,yes,no,lu_down
hha,pdhr,-,ecocyc_28,yes,no,lu_down
hha,rpod,+,ecocyc_28,no,yes,lu_down
hisa,cra,±,ecocyc_28,yes,no,lu_down
hisa,dksa,+,ecocyc_28,yes,no,lu_down
hisa,rpod,+,ecocyc_28,no,yes,lu_down
hisf,cra,±,ecocyc_28,yes,no,lu_down
hisf,dksa,+,ecocyc_28,yes,no,lu_down
hisf,rpod,+,ecocyc_28,no,yes,lu_down
hish,cra,±,ecocyc_28,yes,no,lu_down
hish,dksa,+,ecocyc_28,yes,no,lu_down
hish,rpod,+,ecocyc_28,no,yes,lu_down
hisi,cra,±,ecocyc_28,yes,no,lu_down
hisi,dksa,+,ecocyc_28,yes,no,lu_down
hisi,rpod,+,ecocyc_28,no,yes,lu_down
hism,rpod,+,ecocyc_28,no,yes,lu_down
hism,hns,+,ecocyc_28,yes,no,lu_down
hism,glng,+,ecocyc_28,yes,no,lu_down
hism,argr,-,ecocyc_28_AND_regdb_13,yes,no,lu_down
hism,rpon,+,ecocyc_28,no,yes,lu_down
hism,ntrc,+,regdb_13,no,no,lu_down
hupa,nac,+,ecocyc_28_AND_regdb_13,yes,no,lu_down
hupa,crp,+,ecocyc_28_AND_regdb_13,yes,no,lu_down
hupa,fis,+,ecocyc_28_AND_regdb_13,yes,no,lu_down
hupb,fis,-,ecocyc_28_AND_regdb_13,yes,no,lu_down
hupb,rpod,+,ecocyc_28,no,yes,lu_down
hupb,crp,+,ecocyc_28_AND_regdb_13,yes,no,lu_down
iclr,flhd,+,ecocyc_28,yes,no,lu_down
iclr,iclr,-,ecocyc_28_AND_regdb_13,no,no,lu_down
iclr,fadr,+,ecocyc_28_AND_regdb_13,no,no,lu_down
iclr,flhc,+,ecocyc_28,yes,no,lu_down
iclr,flhdc,+,regdb_13,no,no,lu_down
ilvc,rpod,+,ecocyc_28,no,yes,lu_down
ilvc,ilvy,+,ecocyc_28_AND_regdb_13,no,no,lu_down
ilvd,ihfa,±,ecocyc_28,yes,no,lu_down
ilvd,rpod,+,ecocyc_28,no,yes,lu_down
ilvd,lrp,-,ecocyc_28_AND_regdb_13,yes,no,lu_down
ilvd,gcvb,-,ecocyc_28_AND_regdb_13,yes,no,lu_down
ilvd,ihfb,±,ecocyc_28,yes,no,lu_down
ilvd,ihf,±,regdb_13,no,no,lu_down
ilve,ihfa,±,ecocyc_28,yes,no,lu_down
ilve,ihfb,±,ecocyc_28,yes,no,lu_down
ilve,lrp,-,ecocyc_28_AND_regdb_13,yes,no,lu_down
ilve,rpod,+,ecocyc_28,no,yes,lu_down
ilve,ihf,±,regdb_13,no,no,lu_down
ilvh,rpod,+,ecocyc_28,no,yes,lu_down
ilvh,lrp,±,ecocyc_28_AND_regdb_13,yes,no,lu_down
ilvh,hns,-,ecocyc_28,yes,no,lu_down
ilvi,rpod,+,ecocyc_28,no,yes,lu_down
ilvi,lrp,±,ecocyc_28_AND_regdb_13,yes,no,lu_down
ilvi,hns,-,ecocyc_28,yes,no,lu_down
ilvl,ihfa,±,ecocyc_28,yes,no,lu_down
ilvl,rpod,+,ecocyc_28,no,yes,lu_down
ilvl,lrp,±,ecocyc_28,yes,no,lu_down
ilvl,gcvb,-,ecocyc_28,yes,no,lu_down
ilvl,ihfb,±,ecocyc_28,yes,no,lu_down
ilvl,nac,+,ecocyc_28_AND_regdb_13,yes,no,lu_down
ilvl,ihf,±,regdb_13,no,no,lu_down
ilvm,ihfa,±,ecocyc_28,yes,no,lu_down
ilvm,rpod,+,ecocyc_28,no,yes,lu_down
ilvm,lrp,-,ecocyc_28_AND_regdb_13,yes,no,lu_down
ilvm,gcvb,-,ecocyc_28,yes,no,lu_down
ilvm,ihfb,±,ecocyc_28,yes,no,lu_down
ilvm,ihf,±,regdb_13,no,no,lu_down
ilvn,rpod,+,ecocyc_28,no,yes,lu_down
ilvn,crp,+,ecocyc_28_AND_regdb_13,yes,no,lu_down
ilvn,nac,-,ecocyc_28_AND_regdb_13,yes,no,lu_down
ivbl,gcvb,-,ecocyc_28,yes,no,lu_down
ivbl,rpod,+,ecocyc_28,no,yes,lu_down
ivbl,crp,+,ecocyc_28_AND_regdb_13,yes,no,lu_down
katg,fur,+,ecocyc_28,yes,no,lu_down
katg,rpod,+,ecocyc_28,no,yes,lu_down
katg,sdhx,-,ecocyc_28_AND_regdb_13,no,no,lu_down
katg,nac,-,ecocyc_28_AND_regdb_13,yes,no,lu_down
katg,fnr,+,ecocyc_28_AND_regdb_13,yes,no,lu_down
katg,oxyr,+,ecocyc_28_AND_regdb_13,yes,no,lu_down
leua,leuo,+,ecocyc_28,no,no,lu_down
leua,rpod,+,ecocyc_28,no,yes,lu_down
leua,lrp,±,ecocyc_28,yes,no,lu_down
leub,leuo,+,ecocyc_28,no,no,lu_down
leub,rpod,+,ecocyc_28,no,yes,lu_down
leuc,leuo,+,ecocyc_28,no,no,lu_down
leuc,rpod,+,ecocyc_28,no,yes,lu_down
leud,leuo,+,ecocyc_28,no,no,lu_down
leud,rpod,+,ecocyc_28,no,yes,lu_down
leud,fur,-,ecocyc_28,yes,no,lu_down
leul,nac,+,ecocyc_28_AND_regdb_13,yes,no,lu_down
leul,leuo,+,ecocyc_28,no,no,lu_down
leul,rpod,+,ecocyc_28,no,yes,lu_down
leul,lrp,+,ecocyc_28,yes,no,lu_down
livg,rpod,+,ecocyc_28,no,yes,lu_down
livg,lrp,-,ecocyc_28,yes,no,lu_down
livh,nac,+,ecocyc_28_AND_regdb_13,yes,no,lu_down
livh,rpod,+,ecocyc_28,no,yes,lu_down
livh,lrp,-,ecocyc_28,yes,no,lu_down
livk,rpod,+,ecocyc_28,no,yes,lu_down
livk,lrp,±,ecocyc_28,yes,no,lu_down
livk,nac,-,ecocyc_28_AND_regdb_13,yes,no,lu_down
livm,rpod,+,ecocyc_28,no,yes,lu_down
livm,nac,-,ecocyc_28_AND_regdb_13,yes,no,lu_down
livm,lrp,-,ecocyc_28,yes,no,lu_down
lrp,rpod,+,ecocyc_28,no,yes,lu_down
lrp,lrp,-,ecocyc_28_AND_regdb_13,yes,no,lu_down
lrp,nsrr,-,ecocyc_28,yes,no,lu_down
lrp,gade,+,ecocyc_28,yes,no,lu_down
lrp,gcvb,-,ecocyc_28_AND_regdb_13,yes,no,lu_down
lrp,nac,-,ecocyc_28_AND_regdb_13,yes,no,lu_down
lrp,micf,-,ecocyc_28_AND_regdb_13,no,no,lu_down
lrp,argr,-,ecocyc_28_AND_regdb_13,yes,no,lu_down
lrp,dsra,-,ecocyc_28_AND_regdb_13,no,no,lu_down
lrp,hns,-,ecocyc_28,yes,no,lu_down
lrp,h-ns,-,regdb_13,no,no,lu_down
mdh,rpod,+,ecocyc_28,no,yes,lu_down
mdh,dpia,+,ecocyc_28_AND_regdb_13,no,no,lu_down
mdh,flhc,-,ecocyc_28,yes,no,lu_down
mdh,btsr,-,ecocyc_28_AND_regdb_13,no,no,lu_down
mdh,flhd,-,ecocyc_28,yes,no,lu_down
mdh,fur,-,ecocyc_28,yes,no,lu_down
mdh,arca,-,ecocyc_28_AND_regdb_13,yes,no,lu_down
mdh,crp,+,ecocyc_28,yes,no,lu_down
meta,rpoh,+,ecocyc_28,no,yes,lu_down
meta,rpod,+,ecocyc_28,no,yes,lu_down
meta,metj,-,ecocyc_28_AND_regdb_13,no,no,lu_down
metc,cpxr,+,ecocyc_28,yes,no,lu_down
metc,rpod,+,ecocyc_28,no,yes,lu_down
metc,metj,-,ecocyc_28_AND_regdb_13,no,no,lu_down
mete,metr,+,ecocyc_28_AND_regdb_13,no,no,lu_down
mete,oxyr,+,ecocyc_28_AND_regdb_13,yes,no,lu_down
mete,metj,-,ecocyc_28_AND_regdb_13,no,no,lu_down
mete,cra,+,ecocyc_28,yes,no,lu_down
mete,nac,+,ecocyc_28_AND_regdb_13,yes,no,lu_down
mete,fnrs,-,ecocyc_28,no,no,lu_down
mhpf,mhpr,+,ecocyc_28_AND_regdb_13,no,no,lu_down
mhpf,crp,+,ecocyc_28_AND_regdb_13,yes,no,lu_down
mhpf,rpod,+,ecocyc_28,no,yes,lu_down
mscl,nac,-,ecocyc_28_AND_regdb_13,yes,no,lu_down
mscl,yrdg,-,ecocyc_28,no,no,lu_down
mtr,rpod,+,ecocyc_28,no,yes,lu_down
mtr,lrp,-,ecocyc_28_AND_regdb_13,yes,no,lu_down
mtr,tyrr,+,ecocyc_28_AND_regdb_13,no,no,lu_down
mtr,ihfb,-,ecocyc_28,yes,no,lu_down
mtr,ihfa,-,ecocyc_28,yes,no,lu_down
mtr,trpr,-,ecocyc_28_AND_regdb_13,no,no,lu_down
mtr,hupa,-,ecocyc_28,no,no,lu_down
mtr,hupb,-,ecocyc_28,no,no,lu_down
nlpa,gcvb,-,ecocyc_28,yes,no,lu_down
nlpa,glar,-,ecocyc_28_AND_regdb_13,yes,no,lu_down
nlpa,csgd,+,ecocyc_28_AND_regdb_13,yes,no,lu_down
nmpc,rybb,-,regdb_13,no,no,lu_down
nmpc,ihf,-,regdb_13,no,no,lu_down
nmpc,crp,+,regdb_13,yes,no,lu_down
nmpc,ompr,-,regdb_13,yes,no,lu_down
nuoa,fnr,-,ecocyc_28_AND_regdb_13,yes,no,lu_down
nuoa,rpod,+,ecocyc_28,no,yes,lu_down
nuoa,lrp,-,ecocyc_28,yes,no,lu_down
nuoa,cpxr,-,ecocyc_28,yes,no,lu_down
nuoa,ryhb,-,ecocyc_28_AND_regdb_13,yes,no,lu_down
nuoa,fis,+,ecocyc_28_AND_regdb_13,yes,no,lu_down
nuoa,ihfb,-,ecocyc_28,yes,no,lu_down
nuoa,cra,+,ecocyc_28,yes,no,lu_down
nuoa,ihfa,-,ecocyc_28,yes,no,lu_down
nuoa,arca,-,ecocyc_28_AND_regdb_13,yes,no,lu_down
nuoa,narl,+,ecocyc_28,yes,no,lu_down
nuoa,ihf,-,regdb_13,no,no,lu_down
nuob,fnr,-,ecocyc_28_AND_regdb_13,yes,no,lu_down
nuob,rpod,+,ecocyc_28,no,yes,lu_down
nuob,ryhb,-,ecocyc_28_AND_regdb_13,yes,no,lu_down
nuob,fis,+,ecocyc_28_AND_regdb_13,yes,no,lu_down
nuob,ihfb,-,ecocyc_28,yes,no,lu_down
nuob,cra,+,ecocyc_28,yes,no,lu_down
nuob,ihfa,-,ecocyc_28,yes,no,lu_down
nuob,arca,-,ecocyc_28_AND_regdb_13,yes,no,lu_down
nuob,narl,+,ecocyc_28,yes,no,lu_down
nuob,ihf,-,regdb_13,no,no,lu_down
nuoc,fnr,-,ecocyc_28_AND_regdb_13,yes,no,lu_down
nuoc,rpod,+,ecocyc_28,no,yes,lu_down
nuoc,ryhb,-,ecocyc_28_AND_regdb_13,yes,no,lu_down
nuoc,fis,+,ecocyc_28_AND_regdb_13,yes,no,lu_down
nuoc,ihfb,-,ecocyc_28,yes,no,lu_down
nuoc,cra,+,ecocyc_28,yes,no,lu_down
nuoc,ihfa,-,ecocyc_28,yes,no,lu_down
nuoc,arca,-,ecocyc_28_AND_regdb_13,yes,no,lu_down
nuoc,narl,+,ecocyc_28,yes,no,lu_down
nuoc,ihf,-,regdb_13,no,no,lu_down
nuoe,fnr,-,ecocyc_28_AND_regdb_13,yes,no,lu_down
nuoe,rpod,+,ecocyc_28,no,yes,lu_down
nuoe,ryhb,-,ecocyc_28_AND_regdb_13,yes,no,lu_down
nuoe,fis,+,ecocyc_28_AND_regdb_13,yes,no,lu_down
nuoe,ihfb,-,ecocyc_28,yes,no,lu_down
nuoe,cra,+,ecocyc_28,yes,no,lu_down
nuoe,ihfa,-,ecocyc_28,yes,no,lu_down
nuoe,arca,-,ecocyc_28_AND_regdb_13,yes,no,lu_down
nuoe,narl,+,ecocyc_28,yes,no,lu_down
nuoe,ihf,-,regdb_13,no,no,lu_down
nuof,fnr,-,ecocyc_28_AND_regdb_13,yes,no,lu_down
nuof,rpod,+,ecocyc_28,no,yes,lu_down
nuof,ryhb,-,ecocyc_28_AND_regdb_13,yes,no,lu_down
nuof,fis,+,ecocyc_28_AND_regdb_13,yes,no,lu_down
nuof,ihfb,-,ecocyc_28,yes,no,lu_down
nuof,cra,+,ecocyc_28,yes,no,lu_down
nuof,ihfa,-,ecocyc_28,yes,no,lu_down
nuof,arca,-,ecocyc_28_AND_regdb_13,yes,no,lu_down
nuof,narl,+,ecocyc_28,yes,no,lu_down
nuof,ihf,-,regdb_13,no,no,lu_down
nuog,fnr,-,ecocyc_28_AND_regdb_13,yes,no,lu_down
nuog,rpod,+,ecocyc_28,no,yes,lu_down
nuog,ryhb,-,ecocyc_28_AND_regdb_13,yes,no,lu_down
nuog,fis,+,ecocyc_28_AND_regdb_13,yes,no,lu_down
nuog,ihfb,-,ecocyc_28,yes,no,lu_down
nuog,cra,+,ecocyc_28,yes,no,lu_down
nuog,ihfa,-,ecocyc_28,yes,no,lu_down
nuog,arca,-,ecocyc_28_AND_regdb_13,yes,no,lu_down
nuog,narl,+,ecocyc_28,yes,no,lu_down
nuog,ihf,-,regdb_13,no,no,lu_down
nuoi,fnr,-,ecocyc_28_AND_regdb_13,yes,no,lu_down
nuoi,rpod,+,ecocyc_28,no,yes,lu_down
nuoi,ryhb,-,ecocyc_28_AND_regdb_13,yes,no,lu_down
nuoi,fis,+,ecocyc_28_AND_regdb_13,yes,no,lu_down
nuoi,ihfb,-,ecocyc_28,yes,no,lu_down
nuoi,cra,+,ecocyc_28,yes,no,lu_down
nuoi,ihfa,-,ecocyc_28,yes,no,lu_down
nuoi,arca,-,ecocyc_28_AND_regdb_13,yes,no,lu_down
nuoi,narl,+,ecocyc_28,yes,no,lu_down
nuoi,ihf,-,regdb_13,no,no,lu_down
ompf,ihfa,±,ecocyc_28,yes,no,lu_down
ompf,fur,+,ecocyc_28,yes,no,lu_down
ompf,rpod,+,ecocyc_28,no,yes,lu_down
ompf,ompr,±,ecocyc_28_AND_regdb_13,yes,no,lu_down
ompf,cpxr,-,ecocyc_28_AND_regdb_13,yes,no,lu_down
ompf,envy,+,ecocyc_28,no,no,lu_down
ompf,rpos,+,ecocyc_28,no,yes,lu_down
ompf,rsta,-,ecocyc_28,no,no,lu_down
ompf,nac,-,ecocyc_28_AND_regdb_13,yes,no,lu_down
ompf,micf,-,ecocyc_28,no,no,lu_down
ompf,ihfb,±,ecocyc_28,yes,no,lu_down
ompf,rybb,-,ecocyc_28_AND_regdb_13,no,no,lu_down
ompf,phob,+,ecocyc_28,yes,no,lu_down
ompf,crp,+,ecocyc_28_AND_regdb_13,yes,no,lu_down
ompt,phop,+,ecocyc_28_AND_regdb_13,no,no,lu_down
ompt,omra,-,ecocyc_28_AND_regdb_13,no,no,lu_down
ompt,lrp,+,ecocyc_28,yes,no,lu_down
ompt,nac,-,ecocyc_28_AND_regdb_13,yes,no,lu_down
ompt,omrb,-,ecocyc_28_AND_regdb_13,no,no,lu_down
pal,mica,-,ecocyc_28,no,no,lu_down
pal,lrp,-,ecocyc_28,yes,no,lu_down
panc,rpod,+,ecocyc_28,no,yes,lu_down
pand,gcvb,-,ecocyc_28,yes,no,lu_down
pand,rpod,+,ecocyc_28,no,yes,lu_down
pdxj,rpod,+,ecocyc_28,no,yes,lu_down
pinr,nac,-,ecocyc_28_AND_regdb_13,yes,no,lu_down
pnta,lrp,+,ecocyc_28,yes,no,lu_down
pnta,rpod,+,ecocyc_28,no,yes,lu_down
pnta,nac,-,ecocyc_28_AND_regdb_13,yes,no,lu_down
pnta,arca,+,ecocyc_28_AND_regdb_13,yes,no,lu_down
pntb,rpod,+,ecocyc_28,no,yes,lu_down
potf,lrp,±,ecocyc_28,yes,no,lu_down
potf,glng,+,ecocyc_28,yes,no,lu_down
potf,argr,-,ecocyc_28_AND_regdb_13,yes,no,lu_down
potf,rpon,+,ecocyc_28,no,yes,lu_down
potf,arca,-,ecocyc_28_AND_regdb_13,yes,no,lu_down
potg,glng,+,ecocyc_28,yes,no,lu_down
potg,rpon,+,ecocyc_28,no,yes,lu_down
poth,glng,+,ecocyc_28,yes,no,lu_down
poth,rpon,+,ecocyc_28,no,yes,lu_down
ppib,nac,-,ecocyc_28_AND_regdb_13,yes,no,lu_down
ppib,glar,+,ecocyc_28_AND_regdb_13,yes,no,lu_down
pspf,rpod,+,ecocyc_28,no,yes,lu_down
pspf,pspf,-,ecocyc_28_AND_regdb_13,no,no,lu_down
pstb,rpod,+,ecocyc_28,no,yes,lu_down
pstb,ihfa,+,ecocyc_28,yes,no,lu_down
pstb,rpos,+,ecocyc_28,no,yes,lu_down
pstb,fnr,+,ecocyc_28,yes,no,lu_down
pstb,fur,-,ecocyc_28,yes,no,lu_down
pstb,ihfb,+,ecocyc_28,yes,no,lu_down
pstb,phob,+,ecocyc_28_AND_regdb_13,yes,no,lu_down
pstb,ihf,+,regdb_13,no,no,lu_down
purc,purr,-,ecocyc_28_AND_regdb_13,yes,no,lu_down
purc,rpod,+,ecocyc_28,no,yes,lu_down
purd,phop,+,ecocyc_28,no,no,lu_down
purd,purr,-,ecocyc_28_AND_regdb_13,yes,no,lu_down
purd,rpod,+,ecocyc_28,no,yes,lu_down
purd,rbsr,-,ecocyc_28_AND_regdb_13,no,no,lu_down
purh,phop,+,ecocyc_28,no,no,lu_down
purh,rpod,+,ecocyc_28,no,yes,lu_down
purh,rbsr,-,ecocyc_28_AND_regdb_13,no,no,lu_down
purh,crp,-,ecocyc_28_AND_regdb_13,yes,no,lu_down
purh,purr,-,ecocyc_28_AND_regdb_13,yes,no,lu_down
purl,purr,-,ecocyc_28_AND_regdb_13,yes,no,lu_down
purl,rpod,+,ecocyc_28,no,yes,lu_down
purl,fur,-,ecocyc_28,yes,no,lu_down
purm,purr,-,ecocyc_28_AND_regdb_13,yes,no,lu_down
purm,fnr,-,ecocyc_28_AND_regdb_13,yes,no,lu_down
purm,lrp,±,ecocyc_28,yes,no,lu_down
purm,rpod,+,ecocyc_28,no,yes,lu_down
purt,purr,-,ecocyc_28_AND_regdb_13,yes,no,lu_down
purt,lrp,+,ecocyc_28,yes,no,lu_down
purt,rpod,+,ecocyc_28,no,yes,lu_down
pyrb,nac,-,ecocyc_28_AND_regdb_13,yes,no,lu_down
rmf,fur,+,ecocyc_28_AND_regdb_13,yes,no,lu_down
rmf,nhar,-,ecocyc_28_AND_regdb_13,yes,no,lu_down
rmf,slya,+,ecocyc_28_AND_regdb_13,yes,no,lu_down
rmf,zntr,-,ecocyc_28_AND_regdb_13,no,no,lu_down
rmf,mcbr,+,ecocyc_28_AND_regdb_13,no,no,lu_down
rmf,cuer,-,ecocyc_28_AND_regdb_13,no,no,lu_down
rmf,sdia,+,ecocyc_28_AND_regdb_13,no,no,lu_down
rmf,zrar,-,ecocyc_28_AND_regdb_13,no,no,lu_down
rmf,phop,-,ecocyc_28_AND_regdb_13,no,no,lu_down
rmf,rcda,+,ecocyc_28_AND_regdb_13,no,no,lu_down
rmf,arca,-,ecocyc_28_AND_regdb_13,yes,no,lu_down
rmf,crp,+,ecocyc_28_AND_regdb_13,yes,no,lu_down
rmf,kdpe,-,ecocyc_28_AND_regdb_13,no,no,lu_down
rnb,rpod,+,ecocyc_28,no,yes,lu_down
rpe,rpod,+,ecocyc_28,no,yes,lu_down
rply,rply,-,ecocyc_28_AND_regdb_13,no,no,lu_down
rply,dksa,-,ecocyc_28,yes,no,lu_down
rply,rpod,+,ecocyc_28,no,yes,lu_down
ryba,mntr,-,ecocyc_28_AND_regdb_13,no,no,lu_down
ryba,rpod,+,ecocyc_28,no,yes,lu_down
ryea,rpod,+,ecocyc_28,no,yes,lu_down
sdha,arca,±,ecocyc_28_AND_regdb_13,yes,no,lu_down
sdha,fnr,-,ecocyc_28,yes,no,lu_down
sdha,rpod,+,ecocyc_28,no,yes,lu_down
sdha,ryhb,-,ecocyc_28_AND_regdb_13,yes,no,lu_down
sdha,fur,±,ecocyc_28_AND_regdb_13,yes,no,lu_down
sdha,crp,+,ecocyc_28_AND_regdb_13,yes,no,lu_down
sdhd,arca,±,ecocyc_28_AND_regdb_13,yes,no,lu_down
sdhd,fnr,-,ecocyc_28,yes,no,lu_down
sdhd,rpod,+,ecocyc_28,no,yes,lu_down
sdhd,ryhb,-,ecocyc_28,yes,no,lu_down
sdhd,fur,±,ecocyc_28_AND_regdb_13,yes,no,lu_down
sdhd,crp,+,ecocyc_28,yes,no,lu_down
sdia,fur,+,ecocyc_28,yes,no,lu_down
sdia,rpod,+,ecocyc_28,no,yes,lu_down
sdia,dead,+,ecocyc_28,no,no,lu_down
sdia,nac,-,ecocyc_28_AND_regdb_13,yes,no,lu_down
sdia,csra,-,ecocyc_28,no,no,lu_down
sdia,carbon storage regulator csra,-,regdb_13,no,no,lu_down
secg,rpod,+,ecocyc_28,no,yes,lu_down
secg,nac,-,ecocyc_28_AND_regdb_13,yes,no,lu_down
sera,lrp,±,ecocyc_28_AND_regdb_13,yes,no,lu_down
sera,rpod,+,ecocyc_28,no,yes,lu_down
sera,crp,+,ecocyc_28_AND_regdb_13,yes,no,lu_down
sera,nac,-,ecocyc_28_AND_regdb_13,yes,no,lu_down
serc,crp,-,ecocyc_28_AND_regdb_13,yes,no,lu_down
serc,rpod,+,ecocyc_28,no,yes,lu_down
serc,lrp,±,ecocyc_28_AND_regdb_13,yes,no,lu_down
sohb,crp,-,ecocyc_28,yes,no,lu_down
sohb,rpos,+,ecocyc_28,no,yes,lu_down
sohb,rpod,+,ecocyc_28,no,yes,lu_down
spec,crp,-,ecocyc_28,yes,no,lu_down
spec,rpos,+,ecocyc_28,no,yes,lu_down
spf,crp,-,ecocyc_28,yes,no,lu_down
spf,rpod,+,ecocyc_28,no,yes,lu_down
spf,nac,-,ecocyc_28_AND_regdb_13,yes,no,lu_down
suca,arca,±,ecocyc_28_AND_regdb_13,yes,no,lu_down
suca,fur,+,ecocyc_28_AND_regdb_13,yes,no,lu_down
suca,fnr,-,ecocyc_28,yes,no,lu_down
suca,rpod,+,ecocyc_28,no,yes,lu_down
suca,ryhb,-,ecocyc_28_AND_regdb_13,yes,no,lu_down
suca,rpos,+,ecocyc_28,no,yes,lu_down
suca,nac,-,ecocyc_28_AND_regdb_13,yes,no,lu_down
suca,ihfb,-,ecocyc_28,yes,no,lu_down
suca,glnz,-,ecocyc_28_AND_regdb_13,no,no,lu_down
suca,ihfa,-,ecocyc_28,yes,no,lu_down
suca,crp,+,ecocyc_28_AND_regdb_13,yes,no,lu_down
sura,rpoe,+,ecocyc_28,no,yes,lu_down
taua,cysb,+,ecocyc_28_AND_regdb_13,yes,no,lu_down
taua,nac,-,ecocyc_28_AND_regdb_13,yes,no,lu_down
taua,cbl,+,ecocyc_28_AND_regdb_13,no,no,lu_down
taua,fur,-,ecocyc_28,yes,no,lu_down
taub,cysb,+,ecocyc_28_AND_regdb_13,yes,no,lu_down
taub,cbl,+,ecocyc_28_AND_regdb_13,no,no,lu_down
taub,fur,-,ecocyc_28,yes,no,lu_down
tauc,cysb,+,ecocyc_28_AND_regdb_13,yes,no,lu_down
tauc,cbl,+,ecocyc_28_AND_regdb_13,no,no,lu_down
tauc,fur,-,ecocyc_28,yes,no,lu_down
thra,dksa,+,ecocyc_28,yes,no,lu_down
thra,arca,-,ecocyc_28_AND_regdb_13,yes,no,lu_down
thra,rpod,+,ecocyc_28,no,yes,lu_down
thra,fnr,+,ecocyc_28_AND_regdb_13,yes,no,lu_down
thrb,dksa,+,ecocyc_28,yes,no,lu_down
thrb,rpod,+,ecocyc_28,no,yes,lu_down
thrc,dksa,+,ecocyc_28,yes,no,lu_down
thrc,rpod,+,ecocyc_28,no,yes,lu_down
thrl,dksa,+,ecocyc_28,yes,no,lu_down
thrl,rpod,+,ecocyc_28,no,yes,lu_down
thrl,lrp,-,ecocyc_28_AND_regdb_13,yes,no,lu_down
trxb,nac,-,ecocyc_28_AND_regdb_13,yes,no,lu_down
trxb,lrp,-,ecocyc_28,yes,no,lu_down
tyrb,rpod,+,ecocyc_28,no,yes,lu_down
tyrb,tyrr,-,ecocyc_28_AND_regdb_13,no,no,lu_down
upp,rpod,+,ecocyc_28,no,yes,lu_down
upp,lrp,-,ecocyc_28,yes,no,lu_down
upp,fnr,+,ecocyc_28_AND_regdb_13,yes,no,lu_down
uvrc,lexa,-,ecocyc_28,yes,no,lu_down
uvrc,rpod,+,ecocyc_28,no,yes,lu_down
uvry,dead,+,ecocyc_28,no,no,lu_down
uvry,lexa,-,ecocyc_28,yes,no,lu_down
uvry,nac,-,ecocyc_28_AND_regdb_13,yes,no,lu_down
uvry,rpod,+,ecocyc_28,no,yes,lu_down
yabq,lrp,+,ecocyc_28,yes,no,lu_down
ybib,lexa,-,ecocyc_28_AND_regdb_13,yes,no,lu_down
ybib,rpod,+,ecocyc_28,no,yes,lu_down
ydcl,rob,+,ecocyc_28,yes,no,lu_down
ydcl,lrp,+,ecocyc_28,yes,no,lu_down
yeac,cra,+,ecocyc_28,yes,no,lu_down
yfec,yfec,+,ecocyc_28,no,no,lu_down
yibn,cpxr,+,ecocyc_28,yes,no,lu_down
yibn,rpod,+,ecocyc_28,no,yes,lu_down
yibn,fnr,+,ecocyc_28_AND_regdb_13,yes,no,lu_down
yoac,rpoe,+,ecocyc_28,no,yes,lu_down
yoac,cysb,+,ecocyc_28,yes,no,lu_down
yoac,yeie,+,ecocyc_28,no,no,lu_down
zwf,rob,+,ecocyc_28_AND_regdb_13,yes,no,lu_down
zwf,mara,+,ecocyc_28_AND_regdb_13,yes,no,lu_down
zwf,fnr,-,ecocyc_28,yes,no,lu_down
zwf,rpod,+,ecocyc_28,no,yes,lu_down
zwf,soxs,+,ecocyc_28_AND_regdb_13,yes,no,lu_down
zwf,cra,-,ecocyc_28,yes,no,lu_down
zwf,fur,-,ecocyc_28,yes,no,lu_down
