tf,tfbs,gene,deg_source,polarity,tfbs_source,is_sigma_factor,is_global_regulator,is_centroid,clustered,cluster_id
arca,AAAACAGTTAATTAAA,acea;aceb;alda;argt;cara;dcta;fadb;fadh;fadi;fadj;fuma;gata;gatb;gatd;gaty;gatz;glcb;glcf;glcg;glta;ompw;pnta;ptsg;puua;stha,treitz_schmidt_concordant_down;treitz_schmidt_concordant_up,-,ecocyc,no,yes,TRUE,FALSE,
arca,AAACATACTTGCAAC,acea;aceb;alda;argt;cara;dcta;fadb;fadh;fadi;fadj;fuma;gata;gatb;gatd;gaty;gatz;glcb;glcf;glcg;glta;ompw;pnta;ptsg;puua;stha,treitz_schmidt_concordant_down;treitz_schmidt_concordant_up,-,regdb,no,yes,TRUE,TRUE,arca_cluster_1
arca,AAACATTAGTTAAAT,acea;aceb;alda;argt;cara;dcta;fadb;fadh;fadi;fadj;fuma;gata;gatb;gatd;gaty;gatz;glcb;glcf;glcg;glta;ompw;pnta;ptsg;puua;stha,treitz_schmidt_concordant_down;treitz_schmidt_concordant_up,-,regdb,no,yes,TRUE,FALSE,
arca,AAATATCGGTAATTTG,acea;aceb;alda;argt;cara;dcta;fadb;fadh;fadi;fadj;fuma;gata;gatb;gatd;gaty;gatz;glcb;glcf;glcg;glta;ompw;pnta;ptsg;puua;stha,treitz_schmidt_concordant_down;treitz_schmidt_concordant_up,-,ecocyc,no,yes,TRUE,TRUE,arca_cluster_2
arca,AACAAAACATTAACA,acea;aceb;alda;argt;cara;dcta;fadb;fadh;fadi;fadj;fuma;gata;gatb;gatd;gaty;gatz;glcb;glcf;glcg;glta;ompw;pnta;ptsg;puua;stha,treitz_schmidt_concordant_down;treitz_schmidt_concordant_up,-,regdb,no,yes,TRUE,TRUE,arca_cluster_3
arca,AACACACCATTTACA,acea;aceb;alda;argt;cara;dcta;fadb;fadh;fadi;fadj;fuma;gata;gatb;gatd;gaty;gatz;glcb;glcf;glcg;glta;ompw;pnta;ptsg;puua;stha,treitz_schmidt_concordant_down;treitz_schmidt_concordant_up,-,regdb,no,yes,TRUE,FALSE,
arca,AACATTGAAAAAACA,acea;aceb;alda;argt;cara;dcta;fadb;fadh;fadi;fadj;fuma;gata;gatb;gatd;gaty;gatz;glcb;glcf;glcg;glta;ompw;pnta;ptsg;puua;stha,treitz_schmidt_concordant_down;treitz_schmidt_concordant_up,-,regdb,no,yes,TRUE,FALSE,
arca,AACATTTCATTAACC,acea;aceb;alda;argt;cara;dcta;fadb;fadh;fadi;fadj;fuma;gata;gatb;gatd;gaty;gatz;glcb;glcf;glcg;glta;ompw;pnta;ptsg;puua;stha,treitz_schmidt_concordant_down;treitz_schmidt_concordant_up,-,regdb,no,yes,TRUE,FALSE,
arca,AACGAATTATTGATA,acea;aceb;alda;argt;cara;dcta;fadb;fadh;fadi;fadj;fuma;gata;gatb;gatd;gaty;gatz;glcb;glcf;glcg;glta;ompw;pnta;ptsg;puua;stha,treitz_schmidt_concordant_down;treitz_schmidt_concordant_up,-,regdb,no,yes,TRUE,FALSE,
arca,AACGATGTTTTAACA,acea;aceb;alda;argt;cara;dcta;fadb;fadh;fadi;fadj;fuma;gata;gatb;gatd;gaty;gatz;glcb;glcf;glcg;glta;ompw;pnta;ptsg;puua;stha,treitz_schmidt_concordant_down;treitz_schmidt_concordant_up,-,regdb,no,yes,TRUE,FALSE,
arca,AACGCGTAATTTACA,acea;aceb;alda;argt;cara;dcta;fadb;fadh;fadi;fadj;fuma;gata;gatb;gatd;gaty;gatz;glcb;glcf;glcg;glta;ompw;pnta;ptsg;puua;stha,treitz_schmidt_concordant_down;treitz_schmidt_concordant_up,-,regdb,no,yes,TRUE,FALSE,
arca,AACGGTTAATTATGA,acea;aceb;alda;argt;cara;dcta;fadb;fadh;fadi;fadj;fuma;gata;gatb;gatd;gaty;gatz;glcb;glcf;glcg;glta;ompw;pnta;ptsg;puua;stha,treitz_schmidt_concordant_down;treitz_schmidt_concordant_up,-,regdb,no,yes,TRUE,TRUE,arca_cluster_4
arca,AACGTCTTATTAACA,acea;aceb;alda;argt;cara;dcta;fadb;fadh;fadi;fadj;fuma;gata;gatb;gatd;gaty;gatz;glcb;glcf;glcg;glta;ompw;pnta;ptsg;puua;stha,treitz_schmidt_concordant_down;treitz_schmidt_concordant_up,-,regdb,no,yes,TRUE,FALSE,
arca,AACTATATGTAAACA,acea;aceb;alda;argt;cara;dcta;fadb;fadh;fadi;fadj;fuma;gata;gatb;gatd;gaty;gatz;glcb;glcf;glcg;glta;ompw;pnta;ptsg;puua;stha,treitz_schmidt_concordant_down;treitz_schmidt_concordant_up,-,regdb,no,yes,TRUE,FALSE,
arca,AACTTAAAAATAACA,acea;aceb;alda;argt;cara;dcta;fadb;fadh;fadi;fadj;fuma;gata;gatb;gatd;gaty;gatz;glcb;glcf;glcg;glta;ompw;pnta;ptsg;puua;stha,treitz_schmidt_concordant_down;treitz_schmidt_concordant_up,-,regdb,no,yes,TRUE,FALSE,
arca,AACTTATTTATAACT,acea;aceb;alda;argt;cara;dcta;fadb;fadh;fadi;fadj;fuma;gata;gatb;gatd;gaty;gatz;glcb;glcf;glcg;glta;ompw;pnta;ptsg;puua;stha,treitz_schmidt_concordant_down;treitz_schmidt_concordant_up,-,regdb,no,yes,TRUE,FALSE,
arca,AATATAATGAACAATC,acea;aceb;alda;argt;cara;dcta;fadb;fadh;fadi;fadj;fuma;gata;gatb;gatd;gaty;gatz;glcb;glcf;glcg;glta;ompw;pnta;ptsg;puua;stha,treitz_schmidt_concordant_down;treitz_schmidt_concordant_up,-,ecocyc,no,yes,TRUE,FALSE,
arca,AATCGTTTTTTCAACC,acea;aceb;alda;argt;cara;dcta;fadb;fadh;fadi;fadj;fuma;gata;gatb;gatd;gaty;gatz;glcb;glcf;glcg;glta;ompw;pnta;ptsg;puua;stha,treitz_schmidt_concordant_down;treitz_schmidt_concordant_up,-,ecocyc,no,yes,TRUE,FALSE,
arca,AATGATTTTGTGAACA,acea;aceb;alda;argt;cara;dcta;fadb;fadh;fadi;fadj;fuma;gata;gatb;gatd;gaty;gatz;glcb;glcf;glcg;glta;ompw;pnta;ptsg;puua;stha,treitz_schmidt_concordant_down;treitz_schmidt_concordant_up,-,ecocyc,no,yes,TRUE,FALSE,
arca,AATTAAAATTTTATT,acea;aceb;alda;argt;cara;dcta;fadb;fadh;fadi;fadj;fuma;gata;gatb;gatd;gaty;gatz;glcb;glcf;glcg;glta;ompw;pnta;ptsg;puua;stha,treitz_schmidt_concordant_down;treitz_schmidt_concordant_up,-,regdb,no,yes,TRUE,TRUE,arca_cluster_5
arca,TAATTATATTGTAAAC,acea;aceb;alda;argt;cara;dcta;fadb;fadh;fadi;fadj;fuma;gata;gatb;gatd;gaty;gatz;glcb;glcf;glcg;glta;ompw;pnta;ptsg;puua;stha,treitz_schmidt_concordant_down;treitz_schmidt_concordant_up,-,ecocyc,no,yes,TRUE,TRUE,arca_cluster_6
arca,AATTATTTGTTAAAT,acea;aceb;alda;argt;cara;dcta;fadb;fadh;fadi;fadj;fuma;gata;gatb;gatd;gaty;gatz;glcb;glcf;glcg;glta;ompw;pnta;ptsg;puua;stha,treitz_schmidt_concordant_down;treitz_schmidt_concordant_up,-,regdb,no,yes,TRUE,FALSE,
arca,ACAAAACTTGATTAA,acea;aceb;alda;argt;cara;dcta;fadb;fadh;fadi;fadj;fuma;gata;gatb;gatd;gaty;gatz;glcb;glcf;glcg;glta;ompw;pnta;ptsg;puua;stha,treitz_schmidt_concordant_down;treitz_schmidt_concordant_up,-,regdb,no,yes,TRUE,TRUE,arca_cluster_7
arca,ACAAACTGATTATTAA,acea;aceb;alda;argt;cara;dcta;fadb;fadh;fadi;fadj;fuma;gata;gatb;gatd;gaty;gatz;glcb;glcf;glcg;glta;ompw;pnta;ptsg;puua;stha,treitz_schmidt_concordant_down;treitz_schmidt_concordant_up,-,ecocyc,no,yes,TRUE,FALSE,
arca,ACAATAAAATCCATTT,acea;aceb;alda;argt;cara;dcta;fadb;fadh;fadi;fadj;fuma;gata;gatb;gatd;gaty;gatz;glcb;glcf;glcg;glta;ompw;pnta;ptsg;puua;stha,treitz_schmidt_concordant_down;treitz_schmidt_concordant_up,-,ecocyc,no,yes,TRUE,FALSE,
arca,ACACATGTTATTTAC,acea;aceb;alda;argt;cara;dcta;fadb;fadh;fadi;fadj;fuma;gata;gatb;gatd;gaty;gatz;glcb;glcf;glcg;glta;ompw;pnta;ptsg;puua;stha,treitz_schmidt_concordant_down;treitz_schmidt_concordant_up,-,regdb,no,yes,TRUE,FALSE,
arca,ACATCAATTTGATAA,acea;aceb;alda;argt;cara;dcta;fadb;fadh;fadi;fadj;fuma;gata;gatb;gatd;gaty;gatz;glcb;glcf;glcg;glta;ompw;pnta;ptsg;puua;stha,treitz_schmidt_concordant_down;treitz_schmidt_concordant_up,-,regdb,no,yes,TRUE,TRUE,arca_cluster_8
arca,ACTTTATAATTAACAG,acea;aceb;alda;argt;cara;dcta;fadb;fadh;fadi;fadj;fuma;gata;gatb;gatd;gaty;gatz;glcb;glcf;glcg;glta;ompw;pnta;ptsg;puua;stha,treitz_schmidt_concordant_down;treitz_schmidt_concordant_up,-,ecocyc,no,yes,TRUE,FALSE,
arca,CTTTTGCTATAAATA,acea;aceb;alda;argt;cara;dcta;fadb;fadh;fadi;fadj;fuma;gata;gatb;gatd;gaty;gatz;glcb;glcf;glcg;glta;ompw;pnta;ptsg;puua;stha,treitz_schmidt_concordant_down;treitz_schmidt_concordant_up,-,regdb,no,yes,TRUE,TRUE,arca_cluster_9
arca,AGAAAGGTGATTATCA,acea;aceb;alda;argt;cara;dcta;fadb;fadh;fadi;fadj;fuma;gata;gatb;gatd;gaty;gatz;glcb;glcf;glcg;glta;ompw;pnta;ptsg;puua;stha,treitz_schmidt_concordant_down;treitz_schmidt_concordant_up,-,ecocyc,no,yes,TRUE,FALSE,
arca,AGTAAATAATTCGTT,acea;aceb;alda;argt;cara;dcta;fadb;fadh;fadi;fadj;fuma;gata;gatb;gatd;gaty;gatz;glcb;glcf;glcg;glta;ompw;pnta;ptsg;puua;stha,treitz_schmidt_concordant_down;treitz_schmidt_concordant_up,-,regdb,no,yes,TRUE,TRUE,arca_cluster_10
arca,AGTAAATATATTGTT,acea;aceb;alda;argt;cara;dcta;fadb;fadh;fadi;fadj;fuma;gata;gatb;gatd;gaty;gatz;glcb;glcf;glcg;glta;ompw;pnta;ptsg;puua;stha,treitz_schmidt_concordant_down;treitz_schmidt_concordant_up,-,regdb,no,yes,TRUE,TRUE,arca_cluster_11
arca,AGTGTAAACGCGCGA,acea;aceb;alda;argt;cara;dcta;fadb;fadh;fadi;fadj;fuma;gata;gatb;gatd;gaty;gatz;glcb;glcf;glcg;glta;ompw;pnta;ptsg;puua;stha,treitz_schmidt_concordant_down;treitz_schmidt_concordant_up,-,regdb,no,yes,TRUE,FALSE,
arca,AGTTAAATATAAGTA,acea;aceb;alda;argt;cara;dcta;fadb;fadh;fadi;fadj;fuma;gata;gatb;gatd;gaty;gatz;glcb;glcf;glcg;glta;ompw;pnta;ptsg;puua;stha,treitz_schmidt_concordant_down;treitz_schmidt_concordant_up,-,regdb,no,yes,TRUE,TRUE,arca_cluster_12
arca,AGTTAAATATTTCCGC,acea;aceb;alda;argt;cara;dcta;fadb;fadh;fadi;fadj;fuma;gata;gatb;gatd;gaty;gatz;glcb;glcf;glcg;glta;ompw;pnta;ptsg;puua;stha,treitz_schmidt_concordant_down;treitz_schmidt_concordant_up,-,ecocyc,no,yes,TRUE,FALSE,
arca,AGTTAATATTATGTTA,acea;aceb;alda;argt;cara;dcta;fadb;fadh;fadi;fadj;fuma;gata;gatb;gatd;gaty;gatz;glcb;glcf;glcg;glta;ompw;pnta;ptsg;puua;stha,treitz_schmidt_concordant_down;treitz_schmidt_concordant_up,-,ecocyc,no,yes,TRUE,TRUE,arca_cluster_13
arca,AGTTAATTAAATGATA,acea;aceb;alda;argt;cara;dcta;fadb;fadh;fadi;fadj;fuma;gata;gatb;gatd;gaty;gatz;glcb;glcf;glcg;glta;ompw;pnta;ptsg;puua;stha,treitz_schmidt_concordant_down;treitz_schmidt_concordant_up,-,ecocyc,no,yes,TRUE,FALSE,
arca,AGTTATAAATAAGTTA,acea;aceb;alda;argt;cara;dcta;fadb;fadh;fadi;fadj;fuma;gata;gatb;gatd;gaty;gatz;glcb;glcf;glcg;glta;ompw;pnta;ptsg;puua;stha,treitz_schmidt_concordant_down;treitz_schmidt_concordant_up,-,ecocyc,no,yes,TRUE,FALSE,
arca,AGTTGTGATCAAGCCT,acea;aceb;alda;argt;cara;dcta;fadb;fadh;fadi;fadj;fuma;gata;gatb;gatd;gaty;gatz;glcb;glcf;glcg;glta;ompw;pnta;ptsg;puua;stha,treitz_schmidt_concordant_down;treitz_schmidt_concordant_up,-,ecocyc,no,yes,TRUE,TRUE,arca_cluster_14
arca,ATAAAAATTTGTTAA,acea;aceb;alda;argt;cara;dcta;fadb;fadh;fadi;fadj;fuma;gata;gatb;gatd;gaty;gatz;glcb;glcf;glcg;glta;ompw;pnta;ptsg;puua;stha,treitz_schmidt_concordant_down;treitz_schmidt_concordant_up,-,regdb,no,yes,TRUE,TRUE,arca_cluster_15
arca,ATAACAATTAATTTA,acea;aceb;alda;argt;cara;dcta;fadb;fadh;fadi;fadj;fuma;gata;gatb;gatd;gaty;gatz;glcb;glcf;glcg;glta;ompw;pnta;ptsg;puua;stha,treitz_schmidt_concordant_down;treitz_schmidt_concordant_up,-,regdb,no,yes,TRUE,TRUE,arca_cluster_16
arca,ATAATATTTCCTTTAC,acea;aceb;alda;argt;cara;dcta;fadb;fadh;fadi;fadj;fuma;gata;gatb;gatd;gaty;gatz;glcb;glcf;glcg;glta;ompw;pnta;ptsg;puua;stha,treitz_schmidt_concordant_down;treitz_schmidt_concordant_up,-,ecocyc,no,yes,TRUE,TRUE,arca_cluster_17
arca,ATAATCAATTGTTAA,acea;aceb;alda;argt;cara;dcta;fadb;fadh;fadi;fadj;fuma;gata;gatb;gatd;gaty;gatz;glcb;glcf;glcg;glta;ompw;pnta;ptsg;puua;stha,treitz_schmidt_concordant_down;treitz_schmidt_concordant_up,-,regdb,no,yes,TRUE,TRUE,arca_cluster_18
arca,ATATCATTTAATTAAC,acea;aceb;alda;argt;cara;dcta;fadb;fadh;fadi;fadj;fuma;gata;gatb;gatd;gaty;gatz;glcb;glcf;glcg;glta;ompw;pnta;ptsg;puua;stha,treitz_schmidt_concordant_down;treitz_schmidt_concordant_up,-,ecocyc,no,yes,TRUE,FALSE,
arca,ATCAAACTGTTAACG,acea;aceb;alda;argt;cara;dcta;fadb;fadh;fadi;fadj;fuma;gata;gatb;gatd;gaty;gatz;glcb;glcf;glcg;glta;ompw;pnta;ptsg;puua;stha,treitz_schmidt_concordant_down;treitz_schmidt_concordant_up,-,regdb,no,yes,TRUE,FALSE,
arca,ATCAACTTGTTAAAA,acea;aceb;alda;argt;cara;dcta;fadb;fadh;fadi;fadj;fuma;gata;gatb;gatd;gaty;gatz;glcb;glcf;glcg;glta;ompw;pnta;ptsg;puua;stha,treitz_schmidt_concordant_down;treitz_schmidt_concordant_up,-,regdb,no,yes,TRUE,FALSE,
arca,ATCAATAAGATAACA,acea;aceb;alda;argt;cara;dcta;fadb;fadh;fadi;fadj;fuma;gata;gatb;gatd;gaty;gatz;glcb;glcf;glcg;glta;ompw;pnta;ptsg;puua;stha,treitz_schmidt_concordant_down;treitz_schmidt_concordant_up,-,regdb,no,yes,TRUE,FALSE,
arca,ATCACAATAAGAAAAC,acea;aceb;alda;argt;cara;dcta;fadb;fadh;fadi;fadj;fuma;gata;gatb;gatd;gaty;gatz;glcb;glcf;glcg;glta;ompw;pnta;ptsg;puua;stha,treitz_schmidt_concordant_down;treitz_schmidt_concordant_up,-,ecocyc,no,yes,TRUE,TRUE,arca_cluster_19
arca,ATGTTGTGACCTCGG,acea;aceb;alda;argt;cara;dcta;fadb;fadh;fadi;fadj;fuma;gata;gatb;gatd;gaty;gatz;glcb;glcf;glcg;glta;ompw;pnta;ptsg;puua;stha,treitz_schmidt_concordant_down;treitz_schmidt_concordant_up,-,regdb,no,yes,TRUE,FALSE,
arca,ATGTTTTAATTACAGG,acea;aceb;alda;argt;cara;dcta;fadb;fadh;fadi;fadj;fuma;gata;gatb;gatd;gaty;gatz;glcb;glcf;glcg;glta;ompw;pnta;ptsg;puua;stha,treitz_schmidt_concordant_down;treitz_schmidt_concordant_up,-,ecocyc,no,yes,TRUE,FALSE,
arca,ATTAACAATTGGTTAA,acea;aceb;alda;argt;cara;dcta;fadb;fadh;fadi;fadj;fuma;gata;gatb;gatd;gaty;gatz;glcb;glcf;glcg;glta;ompw;pnta;ptsg;puua;stha,treitz_schmidt_concordant_down;treitz_schmidt_concordant_up,-,ecocyc,no,yes,TRUE,TRUE,arca_cluster_20
arca,ATTACAATTATTTTAT,acea;aceb;alda;argt;cara;dcta;fadb;fadh;fadi;fadj;fuma;gata;gatb;gatd;gaty;gatz;glcb;glcf;glcg;glta;ompw;pnta;ptsg;puua;stha,treitz_schmidt_concordant_down;treitz_schmidt_concordant_up,-,ecocyc,no,yes,TRUE,FALSE,
arca,ATTACATAAATTTAAC,acea;aceb;alda;argt;cara;dcta;fadb;fadh;fadi;fadj;fuma;gata;gatb;gatd;gaty;gatz;glcb;glcf;glcg;glta;ompw;pnta;ptsg;puua;stha,treitz_schmidt_concordant_down;treitz_schmidt_concordant_up,-,ecocyc,no,yes,TRUE,FALSE,
arca,ATTCACATCATTAACC,acea;aceb;alda;argt;cara;dcta;fadb;fadh;fadi;fadj;fuma;gata;gatb;gatd;gaty;gatz;glcb;glcf;glcg;glta;ompw;pnta;ptsg;puua;stha,treitz_schmidt_concordant_down;treitz_schmidt_concordant_up,-,ecocyc,no,yes,TRUE,FALSE,
arca,ATTGAAACATGATTA,acea;aceb;alda;argt;cara;dcta;fadb;fadh;fadi;fadj;fuma;gata;gatb;gatd;gaty;gatz;glcb;glcf;glcg;glta;ompw;pnta;ptsg;puua;stha,treitz_schmidt_concordant_down;treitz_schmidt_concordant_up,-,regdb,no,yes,TRUE,TRUE,arca_cluster_21
arca,ATTGATAATCATTTTC,acea;aceb;alda;argt;cara;dcta;fadb;fadh;fadi;fadj;fuma;gata;gatb;gatd;gaty;gatz;glcb;glcf;glcg;glta;ompw;pnta;ptsg;puua;stha,treitz_schmidt_concordant_down;treitz_schmidt_concordant_up,-,ecocyc,no,yes,TRUE,FALSE,
arca,ATTGCATGTTATTTA,acea;aceb;alda;argt;cara;dcta;fadb;fadh;fadi;fadj;fuma;gata;gatb;gatd;gaty;gatz;glcb;glcf;glcg;glta;ompw;pnta;ptsg;puua;stha,treitz_schmidt_concordant_down;treitz_schmidt_concordant_up,-,regdb,no,yes,TRUE,TRUE,arca_cluster_22
arca,ATTGTAATGATTTTG,acea;aceb;alda;argt;cara;dcta;fadb;fadh;fadi;fadj;fuma;gata;gatb;gatd;gaty;gatz;glcb;glcf;glcg;glta;ompw;pnta;ptsg;puua;stha,treitz_schmidt_concordant_down;treitz_schmidt_concordant_up,-,regdb,no,yes,TRUE,TRUE,arca_cluster_23
arca,ATTGTTACACAACAC,acea;aceb;alda;argt;cara;dcta;fadb;fadh;fadi;fadj;fuma;gata;gatb;gatd;gaty;gatz;glcb;glcf;glcg;glta;ompw;pnta;ptsg;puua;stha,treitz_schmidt_concordant_down;treitz_schmidt_concordant_up,-,regdb,no,yes,TRUE,FALSE,
arca,ATTTAACAAATAATTA,acea;aceb;alda;argt;cara;dcta;fadb;fadh;fadi;fadj;fuma;gata;gatb;gatd;gaty;gatz;glcb;glcf;glcg;glta;ompw;pnta;ptsg;puua;stha,treitz_schmidt_concordant_down;treitz_schmidt_concordant_up,-,ecocyc,no,yes,TRUE,FALSE,
arca,ATTTAACTAATGTTT,acea;aceb;alda;argt;cara;dcta;fadb;fadh;fadi;fadj;fuma;gata;gatb;gatd;gaty;gatz;glcb;glcf;glcg;glta;ompw;pnta;ptsg;puua;stha,treitz_schmidt_concordant_down;treitz_schmidt_concordant_up,-,regdb,no,yes,TRUE,TRUE,arca_cluster_24
arca,ATTTACATTTATGTA,acea;aceb;alda;argt;cara;dcta;fadb;fadh;fadi;fadj;fuma;gata;gatb;gatd;gaty;gatz;glcb;glcf;glcg;glta;ompw;pnta;ptsg;puua;stha,treitz_schmidt_concordant_down;treitz_schmidt_concordant_up,-,regdb,no,yes,TRUE,TRUE,arca_cluster_25
arca,ATTTCAATAAATTTA,acea;aceb;alda;argt;cara;dcta;fadb;fadh;fadi;fadj;fuma;gata;gatb;gatd;gaty;gatz;glcb;glcf;glcg;glta;ompw;pnta;ptsg;puua;stha,treitz_schmidt_concordant_down;treitz_schmidt_concordant_up,-,regdb,no,yes,TRUE,TRUE,arca_cluster_26
arca,TTTGGATAATCAAAT,acea;aceb;alda;argt;cara;dcta;fadb;fadh;fadi;fadj;fuma;gata;gatb;gatd;gaty;gatz;glcb;glcf;glcg;glta;ompw;pnta;ptsg;puua;stha,treitz_schmidt_concordant_down;treitz_schmidt_concordant_up,-,regdb,no,yes,TRUE,TRUE,arca_cluster_27
arca,ATTTTAAATAGTAAC,acea;aceb;alda;argt;cara;dcta;fadb;fadh;fadi;fadj;fuma;gata;gatb;gatd;gaty;gatz;glcb;glcf;glcg;glta;ompw;pnta;ptsg;puua;stha,treitz_schmidt_concordant_down;treitz_schmidt_concordant_up,-,regdb,no,yes,TRUE,TRUE,arca_cluster_28
arca,CAAACATATAAATCA,acea;aceb;alda;argt;cara;dcta;fadb;fadh;fadi;fadj;fuma;gata;gatb;gatd;gaty;gatz;glcb;glcf;glcg;glta;ompw;pnta;ptsg;puua;stha,treitz_schmidt_concordant_down;treitz_schmidt_concordant_up,-,regdb,no,yes,TRUE,TRUE,arca_cluster_29
arca,CAAATCATTAACAAA,acea;aceb;alda;argt;cara;dcta;fadb;fadh;fadi;fadj;fuma;gata;gatb;gatd;gaty;gatz;glcb;glcf;glcg;glta;ompw;pnta;ptsg;puua;stha,treitz_schmidt_concordant_down;treitz_schmidt_concordant_up,-,regdb,no,yes,TRUE,TRUE,arca_cluster_30
arca,CAACATTTTGATAACG,acea;aceb;alda;argt;cara;dcta;fadb;fadh;fadi;fadj;fuma;gata;gatb;gatd;gaty;gatz;glcb;glcf;glcg;glta;ompw;pnta;ptsg;puua;stha,treitz_schmidt_concordant_down;treitz_schmidt_concordant_up,-,ecocyc,no,yes,TRUE,FALSE,
arca,CAACGCTTTGATAAC,acea;aceb;alda;argt;cara;dcta;fadb;fadh;fadi;fadj;fuma;gata;gatb;gatd;gaty;gatz;glcb;glcf;glcg;glta;ompw;pnta;ptsg;puua;stha,treitz_schmidt_concordant_down;treitz_schmidt_concordant_up,-,regdb,no,yes,TRUE,TRUE,arca_cluster_31
arca,CAATTTAACATTGAG,acea;aceb;alda;argt;cara;dcta;fadb;fadh;fadi;fadj;fuma;gata;gatb;gatd;gaty;gatz;glcb;glcf;glcg;glta;ompw;pnta;ptsg;puua;stha,treitz_schmidt_concordant_down;treitz_schmidt_concordant_up,-,regdb,no,yes,TRUE,TRUE,arca_cluster_32
arca,CACATTCTGTTGACA,acea;aceb;alda;argt;cara;dcta;fadb;fadh;fadi;fadj;fuma;gata;gatb;gatd;gaty;gatz;glcb;glcf;glcg;glta;ompw;pnta;ptsg;puua;stha,treitz_schmidt_concordant_down;treitz_schmidt_concordant_up,-,regdb,no,yes,TRUE,FALSE,
arca,CACTCATTTTATTAA,acea;aceb;alda;argt;cara;dcta;fadb;fadh;fadi;fadj;fuma;gata;gatb;gatd;gaty;gatz;glcb;glcf;glcg;glta;ompw;pnta;ptsg;puua;stha,treitz_schmidt_concordant_down;treitz_schmidt_concordant_up,-,regdb,no,yes,TRUE,TRUE,arca_cluster_33
arca,CATAACATTTAGTTA,acea;aceb;alda;argt;cara;dcta;fadb;fadh;fadi;fadj;fuma;gata;gatb;gatd;gaty;gatz;glcb;glcf;glcg;glta;ompw;pnta;ptsg;puua;stha,treitz_schmidt_concordant_down;treitz_schmidt_concordant_up,-,regdb,no,yes,TRUE,TRUE,arca_cluster_34
arca,CATACAACTAATAAAC,acea;aceb;alda;argt;cara;dcta;fadb;fadh;fadi;fadj;fuma;gata;gatb;gatd;gaty;gatz;glcb;glcf;glcg;glta;ompw;pnta;ptsg;puua;stha,treitz_schmidt_concordant_down;treitz_schmidt_concordant_up,-,ecocyc,no,yes,TRUE,FALSE,
arca,CATTATCCCTACACAA,acea;aceb;alda;argt;cara;dcta;fadb;fadh;fadi;fadj;fuma;gata;gatb;gatd;gaty;gatz;glcb;glcf;glcg;glta;ompw;pnta;ptsg;puua;stha,treitz_schmidt_concordant_down;treitz_schmidt_concordant_up,-,ecocyc,no,yes,TRUE,TRUE,arca_cluster_35
arca,CCAGCATATAATCAA,acea;aceb;alda;argt;cara;dcta;fadb;fadh;fadi;fadj;fuma;gata;gatb;gatd;gaty;gatz;glcb;glcf;glcg;glta;ompw;pnta;ptsg;puua;stha,treitz_schmidt_concordant_down;treitz_schmidt_concordant_up,-,regdb,no,yes,TRUE,TRUE,arca_cluster_36
arca,CCATTTTTATCGCTAA,acea;aceb;alda;argt;cara;dcta;fadb;fadh;fadi;fadj;fuma;gata;gatb;gatd;gaty;gatz;glcb;glcf;glcg;glta;ompw;pnta;ptsg;puua;stha,treitz_schmidt_concordant_down;treitz_schmidt_concordant_up,-,ecocyc,no,yes,TRUE,FALSE,
arca,CCGAGGTCACAACAT,acea;aceb;alda;argt;cara;dcta;fadb;fadh;fadi;fadj;fuma;gata;gatb;gatd;gaty;gatz;glcb;glcf;glcg;glta;ompw;pnta;ptsg;puua;stha,treitz_schmidt_concordant_down;treitz_schmidt_concordant_up,-,regdb,no,yes,TRUE,TRUE,arca_cluster_37
arca,CGTTTAGTCCACTTT,acea;aceb;alda;argt;cara;dcta;fadb;fadh;fadi;fadj;fuma;gata;gatb;gatd;gaty;gatz;glcb;glcf;glcg;glta;ompw;pnta;ptsg;puua;stha,treitz_schmidt_concordant_down;treitz_schmidt_concordant_up,-,regdb,no,yes,TRUE,TRUE,arca_cluster_38
arca,CGGTAATACGCCGTTA,acea;aceb;alda;argt;cara;dcta;fadb;fadh;fadi;fadj;fuma;gata;gatb;gatd;gaty;gatz;glcb;glcf;glcg;glta;ompw;pnta;ptsg;puua;stha,treitz_schmidt_concordant_down;treitz_schmidt_concordant_up,-,ecocyc,no,yes,TRUE,FALSE,
arca,CGTAATATATACGTG,acea;aceb;alda;argt;cara;dcta;fadb;fadh;fadi;fadj;fuma;gata;gatb;gatd;gaty;gatz;glcb;glcf;glcg;glta;ompw;pnta;ptsg;puua;stha,treitz_schmidt_concordant_down;treitz_schmidt_concordant_up,-,regdb,no,yes,TRUE,TRUE,arca_cluster_39
arca,CGTTAACAGTTTGATG,acea;aceb;alda;argt;cara;dcta;fadb;fadh;fadi;fadj;fuma;gata;gatb;gatd;gaty;gatz;glcb;glcf;glcg;glta;ompw;pnta;ptsg;puua;stha,treitz_schmidt_concordant_down;treitz_schmidt_concordant_up,-,ecocyc,no,yes,TRUE,FALSE,
arca,CGTTAAGTAATTGAG,acea;aceb;alda;argt;cara;dcta;fadb;fadh;fadi;fadj;fuma;gata;gatb;gatd;gaty;gatz;glcb;glcf;glcg;glta;ompw;pnta;ptsg;puua;stha,treitz_schmidt_concordant_down;treitz_schmidt_concordant_up,-,regdb,no,yes,TRUE,TRUE,arca_cluster_40
arca,CGTTACTAAGACGTG,acea;aceb;alda;argt;cara;dcta;fadb;fadh;fadi;fadj;fuma;gata;gatb;gatd;gaty;gatz;glcb;glcf;glcg;glta;ompw;pnta;ptsg;puua;stha,treitz_schmidt_concordant_down;treitz_schmidt_concordant_up,-,regdb,no,yes,TRUE,TRUE,arca_cluster_41
arca,CGTTATCAAAGCGTAA,acea;aceb;alda;argt;cara;dcta;fadb;fadh;fadi;fadj;fuma;gata;gatb;gatd;gaty;gatz;glcb;glcf;glcg;glta;ompw;pnta;ptsg;puua;stha,treitz_schmidt_concordant_down;treitz_schmidt_concordant_up,-,ecocyc,no,yes,TRUE,TRUE,arca_cluster_42
arca,CGTTATTTATATGTT,acea;aceb;alda;argt;cara;dcta;fadb;fadh;fadi;fadj;fuma;gata;gatb;gatd;gaty;gatz;glcb;glcf;glcg;glta;ompw;pnta;ptsg;puua;stha,treitz_schmidt_concordant_down;treitz_schmidt_concordant_up,-,regdb,no,yes,TRUE,TRUE,arca_cluster_43
arca,CTAACAAGAAAATTA,acea;aceb;alda;argt;cara;dcta;fadb;fadh;fadi;fadj;fuma;gata;gatb;gatd;gaty;gatz;glcb;glcf;glcg;glta;ompw;pnta;ptsg;puua;stha,treitz_schmidt_concordant_down;treitz_schmidt_concordant_up,-,regdb,no,yes,TRUE,TRUE,arca_cluster_44
arca,CTAACTTAGTGTTGAC,acea;aceb;alda;argt;cara;dcta;fadb;fadh;fadi;fadj;fuma;gata;gatb;gatd;gaty;gatz;glcb;glcf;glcg;glta;ompw;pnta;ptsg;puua;stha,treitz_schmidt_concordant_down;treitz_schmidt_concordant_up,-,ecocyc,no,yes,TRUE,TRUE,arca_cluster_45
arca,CTACATTTTTATAAC,acea;aceb;alda;argt;cara;dcta;fadb;fadh;fadi;fadj;fuma;gata;gatb;gatd;gaty;gatz;glcb;glcf;glcg;glta;ompw;pnta;ptsg;puua;stha,treitz_schmidt_concordant_down;treitz_schmidt_concordant_up,-,regdb,no,yes,TRUE,FALSE,
arca,CTCAATGTTAAATTG,acea;aceb;alda;argt;cara;dcta;fadb;fadh;fadi;fadj;fuma;gata;gatb;gatd;gaty;gatz;glcb;glcf;glcg;glta;ompw;pnta;ptsg;puua;stha,treitz_schmidt_concordant_down;treitz_schmidt_concordant_up,-,regdb,no,yes,TRUE,FALSE,
arca,CTCAATTACTTAACG,acea;aceb;alda;argt;cara;dcta;fadb;fadh;fadi;fadj;fuma;gata;gatb;gatd;gaty;gatz;glcb;glcf;glcg;glta;ompw;pnta;ptsg;puua;stha,treitz_schmidt_concordant_down;treitz_schmidt_concordant_up,-,regdb,no,yes,TRUE,FALSE,
arca,CTCACACATTTTAAA,acea;aceb;alda;argt;cara;dcta;fadb;fadh;fadi;fadj;fuma;gata;gatb;gatd;gaty;gatz;glcb;glcf;glcg;glta;ompw;pnta;ptsg;puua;stha,treitz_schmidt_concordant_down;treitz_schmidt_concordant_up,-,regdb,no,yes,TRUE,TRUE,arca_cluster_46
arca,CTCGCAAAATATTAAC,acea;aceb;alda;argt;cara;dcta;fadb;fadh;fadi;fadj;fuma;gata;gatb;gatd;gaty;gatz;glcb;glcf;glcg;glta;ompw;pnta;ptsg;puua;stha,treitz_schmidt_concordant_down;treitz_schmidt_concordant_up,-,ecocyc,no,yes,TRUE,FALSE,
arca,CTTTAATTAATTACAC,acea;aceb;alda;argt;cara;dcta;fadb;fadh;fadi;fadj;fuma;gata;gatb;gatd;gaty;gatz;glcb;glcf;glcg;glta;ompw;pnta;ptsg;puua;stha,treitz_schmidt_concordant_down;treitz_schmidt_concordant_up,-,ecocyc,no,yes,TRUE,FALSE,
arca,CTTTTTTATGTTGCTT,acea;aceb;alda;argt;cara;dcta;fadb;fadh;fadi;fadj;fuma;gata;gatb;gatd;gaty;gatz;glcb;glcf;glcg;glta;ompw;pnta;ptsg;puua;stha,treitz_schmidt_concordant_down;treitz_schmidt_concordant_up,-,ecocyc,no,yes,TRUE,FALSE,
arca,GAAACCTTAATTAAA,acea;aceb;alda;argt;cara;dcta;fadb;fadh;fadi;fadj;fuma;gata;gatb;gatd;gaty;gatz;glcb;glcf;glcg;glta;ompw;pnta;ptsg;puua;stha,treitz_schmidt_concordant_down;treitz_schmidt_concordant_up,-,regdb,no,yes,TRUE,TRUE,arca_cluster_47
arca,GAGTTTTTATTAACAT,acea;aceb;alda;argt;cara;dcta;fadb;fadh;fadi;fadj;fuma;gata;gatb;gatd;gaty;gatz;glcb;glcf;glcg;glta;ompw;pnta;ptsg;puua;stha,treitz_schmidt_concordant_down;treitz_schmidt_concordant_up,-,ecocyc,no,yes,TRUE,FALSE,
arca,GCAACAGAATGGTAAC,acea;aceb;alda;argt;cara;dcta;fadb;fadh;fadi;fadj;fuma;gata;gatb;gatd;gaty;gatz;glcb;glcf;glcg;glta;ompw;pnta;ptsg;puua;stha,treitz_schmidt_concordant_down;treitz_schmidt_concordant_up,-,ecocyc,no,yes,TRUE,FALSE,
arca,GCAACCTTTTATTCAC,acea;aceb;alda;argt;cara;dcta;fadb;fadh;fadi;fadj;fuma;gata;gatb;gatd;gaty;gatz;glcb;glcf;glcg;glta;ompw;pnta;ptsg;puua;stha,treitz_schmidt_concordant_down;treitz_schmidt_concordant_up,-,ecocyc,no,yes,TRUE,FALSE,
arca,GCATAAGTTGATGTAA,acea;aceb;alda;argt;cara;dcta;fadb;fadh;fadi;fadj;fuma;gata;gatb;gatd;gaty;gatz;glcb;glcf;glcg;glta;ompw;pnta;ptsg;puua;stha,treitz_schmidt_concordant_down;treitz_schmidt_concordant_up,-,ecocyc,no,yes,TRUE,FALSE,
arca,GCGAATTAACGAAGT,acea;aceb;alda;argt;cara;dcta;fadb;fadh;fadi;fadj;fuma;gata;gatb;gatd;gaty;gatz;glcb;glcf;glcg;glta;ompw;pnta;ptsg;puua;stha,treitz_schmidt_concordant_down;treitz_schmidt_concordant_up,-,regdb,no,yes,TRUE,TRUE,arca_cluster_48
arca,GCTAACAAAATGTTG,acea;aceb;alda;argt;cara;dcta;fadb;fadh;fadi;fadj;fuma;gata;gatb;gatd;gaty;gatz;glcb;glcf;glcg;glta;ompw;pnta;ptsg;puua;stha,treitz_schmidt_concordant_down;treitz_schmidt_concordant_up,-,regdb,no,yes,TRUE,TRUE,arca_cluster_49
arca,GCTATAAATTGATCA,acea;aceb;alda;argt;cara;dcta;fadb;fadh;fadi;fadj;fuma;gata;gatb;gatd;gaty;gatz;glcb;glcf;glcg;glta;ompw;pnta;ptsg;puua;stha,treitz_schmidt_concordant_down;treitz_schmidt_concordant_up,-,regdb,no,yes,TRUE,TRUE,arca_cluster_50
arca,GCTTTAATAGATAAAC,acea;aceb;alda;argt;cara;dcta;fadb;fadh;fadi;fadj;fuma;gata;gatb;gatd;gaty;gatz;glcb;glcf;glcg;glta;ompw;pnta;ptsg;puua;stha,treitz_schmidt_concordant_down;treitz_schmidt_concordant_up,-,ecocyc,no,yes,TRUE,FALSE,
arca,GGTAATGAAATTGTAA,acea;aceb;alda;argt;cara;dcta;fadb;fadh;fadi;fadj;fuma;gata;gatb;gatd;gaty;gatz;glcb;glcf;glcg;glta;ompw;pnta;ptsg;puua;stha,treitz_schmidt_concordant_down;treitz_schmidt_concordant_up,-,ecocyc,no,yes,TRUE,TRUE,arca_cluster_51
arca,GGTTAAATCTTGGTTT,acea;aceb;alda;argt;cara;dcta;fadb;fadh;fadi;fadj;fuma;gata;gatb;gatd;gaty;gatz;glcb;glcf;glcg;glta;ompw;pnta;ptsg;puua;stha,treitz_schmidt_concordant_down;treitz_schmidt_concordant_up,-,ecocyc,no,yes,TRUE,TRUE,arca_cluster_52
arca,GGTTAATAATAATTAT,acea;aceb;alda;argt;cara;dcta;fadb;fadh;fadi;fadj;fuma;gata;gatb;gatd;gaty;gatz;glcb;glcf;glcg;glta;ompw;pnta;ptsg;puua;stha,treitz_schmidt_concordant_down;treitz_schmidt_concordant_up,-,ecocyc,no,yes,TRUE,FALSE,
arca,GGTTAATGAAATGTT,acea;aceb;alda;argt;cara;dcta;fadb;fadh;fadi;fadj;fuma;gata;gatb;gatd;gaty;gatz;glcb;glcf;glcg;glta;ompw;pnta;ptsg;puua;stha,treitz_schmidt_concordant_down;treitz_schmidt_concordant_up,-,regdb,no,yes,TRUE,TRUE,arca_cluster_53
arca,GGTTACATTACTGTAA,acea;aceb;alda;argt;cara;dcta;fadb;fadh;fadi;fadj;fuma;gata;gatb;gatd;gaty;gatz;glcb;glcf;glcg;glta;ompw;pnta;ptsg;puua;stha,treitz_schmidt_concordant_down;treitz_schmidt_concordant_up,-,ecocyc,no,yes,TRUE,FALSE,
arca,GGTTTCAAAATTGTG,acea;aceb;alda;argt;cara;dcta;fadb;fadh;fadi;fadj;fuma;gata;gatb;gatd;gaty;gatz;glcb;glcf;glcg;glta;ompw;pnta;ptsg;puua;stha,treitz_schmidt_concordant_down;treitz_schmidt_concordant_up,-,regdb,no,yes,TRUE,TRUE,arca_cluster_54
arca,GTAAAAAAATGGTTA,acea;aceb;alda;argt;cara;dcta;fadb;fadh;fadi;fadj;fuma;gata;gatb;gatd;gaty;gatz;glcb;glcf;glcg;glta;ompw;pnta;ptsg;puua;stha,treitz_schmidt_concordant_down;treitz_schmidt_concordant_up,-,regdb,no,yes,TRUE,TRUE,arca_cluster_55
arca,GTAAATAACATGTGTG,acea;aceb;alda;argt;cara;dcta;fadb;fadh;fadi;fadj;fuma;gata;gatb;gatd;gaty;gatz;glcb;glcf;glcg;glta;ompw;pnta;ptsg;puua;stha,treitz_schmidt_concordant_down;treitz_schmidt_concordant_up,-,ecocyc,no,yes,TRUE,FALSE,
arca,GTATTGACAAGCCAA,acea;aceb;alda;argt;cara;dcta;fadb;fadh;fadi;fadj;fuma;gata;gatb;gatd;gaty;gatz;glcb;glcf;glcg;glta;ompw;pnta;ptsg;puua;stha,treitz_schmidt_concordant_down;treitz_schmidt_concordant_up,-,regdb,no,yes,TRUE,TRUE,arca_cluster_56
arca,GTGTTGTGTAACAAT,acea;aceb;alda;argt;cara;dcta;fadb;fadh;fadi;fadj;fuma;gata;gatb;gatd;gaty;gatz;glcb;glcf;glcg;glta;ompw;pnta;ptsg;puua;stha,treitz_schmidt_concordant_down;treitz_schmidt_concordant_up,-,regdb,no,yes,TRUE,TRUE,arca_cluster_57
arca,TGTTAAATAATTGTTT,acea;aceb;alda;argt;cara;dcta;fadb;fadh;fadi;fadj;fuma;gata;gatb;gatd;gaty;gatz;glcb;glcf;glcg;glta;ompw;pnta;ptsg;puua;stha,treitz_schmidt_concordant_down;treitz_schmidt_concordant_up,-,ecocyc,no,yes,TRUE,TRUE,arca_cluster_58
arca,GTTAACAATTTTGTA,acea;aceb;alda;argt;cara;dcta;fadb;fadh;fadi;fadj;fuma;gata;gatb;gatd;gaty;gatz;glcb;glcf;glcg;glta;ompw;pnta;ptsg;puua;stha,treitz_schmidt_concordant_down;treitz_schmidt_concordant_up,-,regdb,no,yes,TRUE,TRUE,arca_cluster_59
arca,GTTAACTAAATGTTA,acea;aceb;alda;argt;cara;dcta;fadb;fadh;fadi;fadj;fuma;gata;gatb;gatd;gaty;gatz;glcb;glcf;glcg;glta;ompw;pnta;ptsg;puua;stha,treitz_schmidt_concordant_down;treitz_schmidt_concordant_up,-,regdb,no,yes,TRUE,TRUE,arca_cluster_60
arca,GTTAATAACCATTAA,acea;aceb;alda;argt;cara;dcta;fadb;fadh;fadi;fadj;fuma;gata;gatb;gatd;gaty;gatz;glcb;glcf;glcg;glta;ompw;pnta;ptsg;puua;stha,treitz_schmidt_concordant_down;treitz_schmidt_concordant_up,-,regdb,no,yes,TRUE,TRUE,arca_cluster_61
arca,GTTAATCTGGACCTAC,acea;aceb;alda;argt;cara;dcta;fadb;fadh;fadi;fadj;fuma;gata;gatb;gatd;gaty;gatz;glcb;glcf;glcg;glta;ompw;pnta;ptsg;puua;stha,treitz_schmidt_concordant_down;treitz_schmidt_concordant_up,-,ecocyc,no,yes,TRUE,TRUE,arca_cluster_62
arca,GTTAATCTTAGGTGA,acea;aceb;alda;argt;cara;dcta;fadb;fadh;fadi;fadj;fuma;gata;gatb;gatd;gaty;gatz;glcb;glcf;glcg;glta;ompw;pnta;ptsg;puua;stha,treitz_schmidt_concordant_down;treitz_schmidt_concordant_up,-,regdb,no,yes,TRUE,TRUE,arca_cluster_63
arca,GTTAATTAACAATGT,acea;aceb;alda;argt;cara;dcta;fadb;fadh;fadi;fadj;fuma;gata;gatb;gatd;gaty;gatz;glcb;glcf;glcg;glta;ompw;pnta;ptsg;puua;stha,treitz_schmidt_concordant_down;treitz_schmidt_concordant_up,-,regdb,no,yes,TRUE,TRUE,arca_cluster_64
arca,GTTAATTAAGAGCTA,acea;aceb;alda;argt;cara;dcta;fadb;fadh;fadi;fadj;fuma;gata;gatb;gatd;gaty;gatz;glcb;glcf;glcg;glta;ompw;pnta;ptsg;puua;stha,treitz_schmidt_concordant_down;treitz_schmidt_concordant_up,-,regdb,no,yes,TRUE,TRUE,arca_cluster_65
arca,GTTAATTATAATATAA,acea;aceb;alda;argt;cara;dcta;fadb;fadh;fadi;fadj;fuma;gata;gatb;gatd;gaty;gatz;glcb;glcf;glcg;glta;ompw;pnta;ptsg;puua;stha,treitz_schmidt_concordant_down;treitz_schmidt_concordant_up,-,ecocyc,no,yes,TRUE,TRUE,arca_cluster_66
arca,GTTACATCAATTTAA,acea;aceb;alda;argt;cara;dcta;fadb;fadh;fadi;fadj;fuma;gata;gatb;gatd;gaty;gatz;glcb;glcf;glcg;glta;ompw;pnta;ptsg;puua;stha,treitz_schmidt_concordant_down;treitz_schmidt_concordant_up,-,regdb,no,yes,TRUE,TRUE,arca_cluster_67
arca,GTTACCTTATTGAAA,acea;aceb;alda;argt;cara;dcta;fadb;fadh;fadi;fadj;fuma;gata;gatb;gatd;gaty;gatz;glcb;glcf;glcg;glta;ompw;pnta;ptsg;puua;stha,treitz_schmidt_concordant_down;treitz_schmidt_concordant_up,-,regdb,no,yes,TRUE,TRUE,arca_cluster_68
arca,GTTACGAATTTGATT,acea;aceb;alda;argt;cara;dcta;fadb;fadh;fadi;fadj;fuma;gata;gatb;gatd;gaty;gatz;glcb;glcf;glcg;glta;ompw;pnta;ptsg;puua;stha,treitz_schmidt_concordant_down;treitz_schmidt_concordant_up,-,regdb,no,yes,TRUE,TRUE,arca_cluster_69
arca,GTTACGTTAAAAATT,acea;aceb;alda;argt;cara;dcta;fadb;fadh;fadi;fadj;fuma;gata;gatb;gatd;gaty;gatz;glcb;glcf;glcg;glta;ompw;pnta;ptsg;puua;stha,treitz_schmidt_concordant_down;treitz_schmidt_concordant_up,-,regdb,no,yes,TRUE,TRUE,arca_cluster_70
arca,GTTACTATTTAAAAT,acea;aceb;alda;argt;cara;dcta;fadb;fadh;fadi;fadj;fuma;gata;gatb;gatd;gaty;gatz;glcb;glcf;glcg;glta;ompw;pnta;ptsg;puua;stha,treitz_schmidt_concordant_down;treitz_schmidt_concordant_up,-,regdb,no,yes,TRUE,FALSE,
arca,GTTACTTAAGTGTTA,acea;aceb;alda;argt;cara;dcta;fadb;fadh;fadi;fadj;fuma;gata;gatb;gatd;gaty;gatz;glcb;glcf;glcg;glta;ompw;pnta;ptsg;puua;stha,treitz_schmidt_concordant_down;treitz_schmidt_concordant_up,-,regdb,no,yes,TRUE,TRUE,arca_cluster_71
arca,GTTATAAAAATGTAG,acea;aceb;alda;argt;cara;dcta;fadb;fadh;fadi;fadj;fuma;gata;gatb;gatd;gaty;gatz;glcb;glcf;glcg;glta;ompw;pnta;ptsg;puua;stha,treitz_schmidt_concordant_down;treitz_schmidt_concordant_up,-,regdb,no,yes,TRUE,TRUE,arca_cluster_72
arca,GTTATCAAAATGTTG,acea;aceb;alda;argt;cara;dcta;fadb;fadh;fadi;fadj;fuma;gata;gatb;gatd;gaty;gatz;glcb;glcf;glcg;glta;ompw;pnta;ptsg;puua;stha,treitz_schmidt_concordant_down;treitz_schmidt_concordant_up,-,regdb,no,yes,TRUE,FALSE,
arca,GTTATCAAATCGTTAC,acea;aceb;alda;argt;cara;dcta;fadb;fadh;fadi;fadj;fuma;gata;gatb;gatd;gaty;gatz;glcb;glcf;glcg;glta;ompw;pnta;ptsg;puua;stha,treitz_schmidt_concordant_down;treitz_schmidt_concordant_up,-,ecocyc,no,yes,TRUE,FALSE,
arca,GTTGAAAAAACGATT,acea;aceb;alda;argt;cara;dcta;fadb;fadh;fadi;fadj;fuma;gata;gatb;gatd;gaty;gatz;glcb;glcf;glcg;glta;ompw;pnta;ptsg;puua;stha,treitz_schmidt_concordant_down;treitz_schmidt_concordant_up,-,regdb,no,yes,TRUE,FALSE,
arca,GTTGAAACGTGATAGC,acea;aceb;alda;argt;cara;dcta;fadb;fadh;fadi;fadj;fuma;gata;gatb;gatd;gaty;gatz;glcb;glcf;glcg;glta;ompw;pnta;ptsg;puua;stha,treitz_schmidt_concordant_down;treitz_schmidt_concordant_up,-,ecocyc,no,yes,TRUE,TRUE,arca_cluster_73
arca,GTTGAGAAAGGTGATT,acea;aceb;alda;argt;cara;dcta;fadb;fadh;fadi;fadj;fuma;gata;gatb;gatd;gaty;gatz;glcb;glcf;glcg;glta;ompw;pnta;ptsg;puua;stha,treitz_schmidt_concordant_down;treitz_schmidt_concordant_up,-,ecocyc,no,yes,TRUE,FALSE,
arca,GTTGATATTATGTAA,acea;aceb;alda;argt;cara;dcta;fadb;fadh;fadi;fadj;fuma;gata;gatb;gatd;gaty;gatz;glcb;glcf;glcg;glta;ompw;pnta;ptsg;puua;stha,treitz_schmidt_concordant_down;treitz_schmidt_concordant_up,-,regdb,no,yes,TRUE,TRUE,arca_cluster_74
arca,GTTGCTTTTTTGTAA,acea;aceb;alda;argt;cara;dcta;fadb;fadh;fadi;fadj;fuma;gata;gatb;gatd;gaty;gatz;glcb;glcf;glcg;glta;ompw;pnta;ptsg;puua;stha,treitz_schmidt_concordant_down;treitz_schmidt_concordant_up,-,regdb,no,yes,TRUE,TRUE,arca_cluster_75
arca,GTTTATCAATATAATA,acea;aceb;alda;argt;cara;dcta;fadb;fadh;fadi;fadj;fuma;gata;gatb;gatd;gaty;gatz;glcb;glcf;glcg;glta;ompw;pnta;ptsg;puua;stha,treitz_schmidt_concordant_down;treitz_schmidt_concordant_up,-,ecocyc,no,yes,TRUE,FALSE,
arca,TGTTTCTAATATGTTA,acea;aceb;alda;argt;cara;dcta;fadb;fadh;fadi;fadj;fuma;gata;gatb;gatd;gaty;gatz;glcb;glcf;glcg;glta;ompw;pnta;ptsg;puua;stha,treitz_schmidt_concordant_down;treitz_schmidt_concordant_up,-,ecocyc,no,yes,TRUE,TRUE,arca_cluster_76
arca,GTTTTGTCAAAATGT,acea;aceb;alda;argt;cara;dcta;fadb;fadh;fadi;fadj;fuma;gata;gatb;gatd;gaty;gatz;glcb;glcf;glcg;glta;ompw;pnta;ptsg;puua;stha,treitz_schmidt_concordant_down;treitz_schmidt_concordant_up,-,regdb,no,yes,TRUE,TRUE,arca_cluster_77
arca,TAAAATAATTGTAAT,acea;aceb;alda;argt;cara;dcta;fadb;fadh;fadi;fadj;fuma;gata;gatb;gatd;gaty;gatz;glcb;glcf;glcg;glta;ompw;pnta;ptsg;puua;stha,treitz_schmidt_concordant_down;treitz_schmidt_concordant_up,-,regdb,no,yes,TRUE,FALSE,
arca,TAAACAAATTGTGAA,acea;aceb;alda;argt;cara;dcta;fadb;fadh;fadi;fadj;fuma;gata;gatb;gatd;gaty;gatz;glcb;glcf;glcg;glta;ompw;pnta;ptsg;puua;stha,treitz_schmidt_concordant_down;treitz_schmidt_concordant_up,-,regdb,no,yes,TRUE,FALSE,
arca,TAAACATAAAATTAA,acea;aceb;alda;argt;cara;dcta;fadb;fadh;fadi;fadj;fuma;gata;gatb;gatd;gaty;gatz;glcb;glcf;glcg;glta;ompw;pnta;ptsg;puua;stha,treitz_schmidt_concordant_down;treitz_schmidt_concordant_up,-,regdb,no,yes,TRUE,TRUE,arca_cluster_78
arca,TAAACATAAATGTCA,acea;aceb;alda;argt;cara;dcta;fadb;fadh;fadi;fadj;fuma;gata;gatb;gatd;gaty;gatz;glcb;glcf;glcg;glta;ompw;pnta;ptsg;puua;stha,treitz_schmidt_concordant_down;treitz_schmidt_concordant_up,-,regdb,no,yes,TRUE,TRUE,arca_cluster_79
arca,TAAACATATTGCTAA,acea;aceb;alda;argt;cara;dcta;fadb;fadh;fadi;fadj;fuma;gata;gatb;gatd;gaty;gatz;glcb;glcf;glcg;glta;ompw;pnta;ptsg;puua;stha,treitz_schmidt_concordant_down;treitz_schmidt_concordant_up,-,regdb,no,yes,TRUE,FALSE,
arca,TAAATAACATGCAAT,acea;aceb;alda;argt;cara;dcta;fadb;fadh;fadi;fadj;fuma;gata;gatb;gatd;gaty;gatz;glcb;glcf;glcg;glta;ompw;pnta;ptsg;puua;stha,treitz_schmidt_concordant_down;treitz_schmidt_concordant_up,-,regdb,no,yes,TRUE,FALSE,
arca,TAAATTAATTGTTAT,acea;aceb;alda;argt;cara;dcta;fadb;fadh;fadi;fadj;fuma;gata;gatb;gatd;gaty;gatz;glcb;glcf;glcg;glta;ompw;pnta;ptsg;puua;stha,treitz_schmidt_concordant_down;treitz_schmidt_concordant_up,-,regdb,no,yes,TRUE,FALSE,
arca,TAACAATGTATTCAC,acea;aceb;alda;argt;cara;dcta;fadb;fadh;fadi;fadj;fuma;gata;gatb;gatd;gaty;gatz;glcb;glcf;glcg;glta;ompw;pnta;ptsg;puua;stha,treitz_schmidt_concordant_down;treitz_schmidt_concordant_up,-,regdb,no,yes,TRUE,TRUE,arca_cluster_80
arca,TAACAATTATTTTAC,acea;aceb;alda;argt;cara;dcta;fadb;fadh;fadi;fadj;fuma;gata;gatb;gatd;gaty;gatz;glcb;glcf;glcg;glta;ompw;pnta;ptsg;puua;stha,treitz_schmidt_concordant_down;treitz_schmidt_concordant_up,-,regdb,no,yes,TRUE,TRUE,arca_cluster_81
arca,TAACCATTAATTAAC,acea;aceb;alda;argt;cara;dcta;fadb;fadh;fadi;fadj;fuma;gata;gatb;gatd;gaty;gatz;glcb;glcf;glcg;glta;ompw;pnta;ptsg;puua;stha,treitz_schmidt_concordant_down;treitz_schmidt_concordant_up,-,regdb,no,yes,TRUE,TRUE,arca_cluster_82
arca,TAACGAAGTTTTTACG,acea;aceb;alda;argt;cara;dcta;fadb;fadh;fadi;fadj;fuma;gata;gatb;gatd;gaty;gatz;glcb;glcf;glcg;glta;ompw;pnta;ptsg;puua;stha,treitz_schmidt_concordant_down;treitz_schmidt_concordant_up,-,ecocyc,no,yes,TRUE,FALSE,
arca,TAACTTTTATTTAAC,acea;aceb;alda;argt;cara;dcta;fadb;fadh;fadi;fadj;fuma;gata;gatb;gatd;gaty;gatz;glcb;glcf;glcg;glta;ompw;pnta;ptsg;puua;stha,treitz_schmidt_concordant_down;treitz_schmidt_concordant_up,-,regdb,no,yes,TRUE,TRUE,arca_cluster_83
arca,TAATTATAAGGTTAA,acea;aceb;alda;argt;cara;dcta;fadb;fadh;fadi;fadj;fuma;gata;gatb;gatd;gaty;gatz;glcb;glcf;glcg;glta;ompw;pnta;ptsg;puua;stha,treitz_schmidt_concordant_down;treitz_schmidt_concordant_up,-,regdb,no,yes,TRUE,FALSE,
arca,TACAATTTCATTACC,acea;aceb;alda;argt;cara;dcta;fadb;fadh;fadi;fadj;fuma;gata;gatb;gatd;gaty;gatz;glcb;glcf;glcg;glta;ompw;pnta;ptsg;puua;stha,treitz_schmidt_concordant_down;treitz_schmidt_concordant_up,-,regdb,no,yes,TRUE,FALSE,
arca,TACACACTTTTTTAA,acea;aceb;alda;argt;cara;dcta;fadb;fadh;fadi;fadj;fuma;gata;gatb;gatd;gaty;gatz;glcb;glcf;glcg;glta;ompw;pnta;ptsg;puua;stha,treitz_schmidt_concordant_down;treitz_schmidt_concordant_up,-,regdb,no,yes,TRUE,TRUE,arca_cluster_84
arca,TACAGTAATGTAACC,acea;aceb;alda;argt;cara;dcta;fadb;fadh;fadi;fadj;fuma;gata;gatb;gatd;gaty;gatz;glcb;glcf;glcg;glta;ompw;pnta;ptsg;puua;stha,treitz_schmidt_concordant_down;treitz_schmidt_concordant_up,-,regdb,no,yes,TRUE,FALSE,
arca,TACATAAATGTAAAT,acea;aceb;alda;argt;cara;dcta;fadb;fadh;fadi;fadj;fuma;gata;gatb;gatd;gaty;gatz;glcb;glcf;glcg;glta;ompw;pnta;ptsg;puua;stha,treitz_schmidt_concordant_down;treitz_schmidt_concordant_up,-,regdb,no,yes,TRUE,FALSE,
arca,TATAATTATAAGTTA,acea;aceb;alda;argt;cara;dcta;fadb;fadh;fadi;fadj;fuma;gata;gatb;gatd;gaty;gatz;glcb;glcf;glcg;glta;ompw;pnta;ptsg;puua;stha,treitz_schmidt_concordant_down;treitz_schmidt_concordant_up,-,regdb,no,yes,TRUE,TRUE,arca_cluster_85
arca,TATACATAAAAGCAAC,acea;aceb;alda;argt;cara;dcta;fadb;fadh;fadi;fadj;fuma;gata;gatb;gatd;gaty;gatz;glcb;glcf;glcg;glta;ompw;pnta;ptsg;puua;stha,treitz_schmidt_concordant_down;treitz_schmidt_concordant_up,-,ecocyc,no,yes,TRUE,FALSE,
arca,TATACTTTTTTTACA,acea;aceb;alda;argt;cara;dcta;fadb;fadh;fadi;fadj;fuma;gata;gatb;gatd;gaty;gatz;glcb;glcf;glcg;glta;ompw;pnta;ptsg;puua;stha,treitz_schmidt_concordant_down;treitz_schmidt_concordant_up,-,regdb,no,yes,TRUE,FALSE,
arca,TATCAATAATTCGTT,acea;aceb;alda;argt;cara;dcta;fadb;fadh;fadi;fadj;fuma;gata;gatb;gatd;gaty;gatz;glcb;glcf;glcg;glta;ompw;pnta;ptsg;puua;stha,treitz_schmidt_concordant_down;treitz_schmidt_concordant_up,-,regdb,no,yes,TRUE,TRUE,arca_cluster_86
arca,TATTAATCAAAATTAA,acea;aceb;alda;argt;cara;dcta;fadb;fadh;fadi;fadj;fuma;gata;gatb;gatd;gaty;gatz;glcb;glcf;glcg;glta;ompw;pnta;ptsg;puua;stha,treitz_schmidt_concordant_down;treitz_schmidt_concordant_up,-,ecocyc,no,yes,TRUE,FALSE,
arca,TTCAACAAAGTTGTTA,acea;aceb;alda;argt;cara;dcta;fadb;fadh;fadi;fadj;fuma;gata;gatb;gatd;gaty;gatz;glcb;glcf;glcg;glta;ompw;pnta;ptsg;puua;stha,treitz_schmidt_concordant_down;treitz_schmidt_concordant_up,-,ecocyc,no,yes,TRUE,TRUE,arca_cluster_87
arca,TCAACATTTTATACA,acea;aceb;alda;argt;cara;dcta;fadb;fadh;fadi;fadj;fuma;gata;gatb;gatd;gaty;gatz;glcb;glcf;glcg;glta;ompw;pnta;ptsg;puua;stha,treitz_schmidt_concordant_down;treitz_schmidt_concordant_up,-,regdb,no,yes,TRUE,TRUE,arca_cluster_88
arca,TCACCGAAAACAAAC,acea;aceb;alda;argt;cara;dcta;fadb;fadh;fadi;fadj;fuma;gata;gatb;gatd;gaty;gatz;glcb;glcf;glcg;glta;ompw;pnta;ptsg;puua;stha,treitz_schmidt_concordant_down;treitz_schmidt_concordant_up,-,regdb,no,yes,TRUE,TRUE,arca_cluster_89
arca,TCATAATTAACCGTT,acea;aceb;alda;argt;cara;dcta;fadb;fadh;fadi;fadj;fuma;gata;gatb;gatd;gaty;gatz;glcb;glcf;glcg;glta;ompw;pnta;ptsg;puua;stha,treitz_schmidt_concordant_down;treitz_schmidt_concordant_up,-,regdb,no,yes,TRUE,FALSE,
arca,TCATTTTAATTAATTT,acea;aceb;alda;argt;cara;dcta;fadb;fadh;fadi;fadj;fuma;gata;gatb;gatd;gaty;gatz;glcb;glcf;glcg;glta;ompw;pnta;ptsg;puua;stha,treitz_schmidt_concordant_down;treitz_schmidt_concordant_up,-,ecocyc,no,yes,TRUE,FALSE,
arca,TCGCGCGTTTACACTT,acea;aceb;alda;argt;cara;dcta;fadb;fadh;fadi;fadj;fuma;gata;gatb;gatd;gaty;gatz;glcb;glcf;glcg;glta;ompw;pnta;ptsg;puua;stha,treitz_schmidt_concordant_down;treitz_schmidt_concordant_up,-,ecocyc,no,yes,TRUE,TRUE,arca_cluster_90
arca,TCGTATCCGTTATGT,acea;aceb;alda;argt;cara;dcta;fadb;fadh;fadi;fadj;fuma;gata;gatb;gatd;gaty;gatz;glcb;glcf;glcg;glta;ompw;pnta;ptsg;puua;stha,treitz_schmidt_concordant_down;treitz_schmidt_concordant_up,-,regdb,no,yes,TRUE,TRUE,arca_cluster_91
arca,TGAAAATGATTATCAA,acea;aceb;alda;argt;cara;dcta;fadb;fadh;fadi;fadj;fuma;gata;gatb;gatd;gaty;gatz;glcb;glcf;glcg;glta;ompw;pnta;ptsg;puua;stha,treitz_schmidt_concordant_down;treitz_schmidt_concordant_up,-,ecocyc,no,yes,TRUE,FALSE,
arca,TGAATAAAAGGTTGC,acea;aceb;alda;argt;cara;dcta;fadb;fadh;fadi;fadj;fuma;gata;gatb;gatd;gaty;gatz;glcb;glcf;glcg;glta;ompw;pnta;ptsg;puua;stha,treitz_schmidt_concordant_down;treitz_schmidt_concordant_up,-,regdb,no,yes,TRUE,FALSE,
arca,TGCAAACACTTTGTT,acea;aceb;alda;argt;cara;dcta;fadb;fadh;fadi;fadj;fuma;gata;gatb;gatd;gaty;gatz;glcb;glcf;glcg;glta;ompw;pnta;ptsg;puua;stha,treitz_schmidt_concordant_down;treitz_schmidt_concordant_up,-,regdb,no,yes,TRUE,TRUE,arca_cluster_92
arca,TGGTTCATTATAGTTA,acea;aceb;alda;argt;cara;dcta;fadb;fadh;fadi;fadj;fuma;gata;gatb;gatd;gaty;gatz;glcb;glcf;glcg;glta;ompw;pnta;ptsg;puua;stha,treitz_schmidt_concordant_down;treitz_schmidt_concordant_up,-,ecocyc,no,yes,TRUE,FALSE,
arca,TGTAAAAAAAGTATA,acea;aceb;alda;argt;cara;dcta;fadb;fadh;fadi;fadj;fuma;gata;gatb;gatd;gaty;gatz;glcb;glcf;glcg;glta;ompw;pnta;ptsg;puua;stha,treitz_schmidt_concordant_down;treitz_schmidt_concordant_up,-,regdb,no,yes,TRUE,TRUE,arca_cluster_93
arca,TGTAAAAAAGTTGTA,acea;aceb;alda;argt;cara;dcta;fadb;fadh;fadi;fadj;fuma;gata;gatb;gatd;gaty;gatz;glcb;glcf;glcg;glta;ompw;pnta;ptsg;puua;stha,treitz_schmidt_concordant_down;treitz_schmidt_concordant_up,-,regdb,no,yes,TRUE,TRUE,arca_cluster_94
arca,TGTAAATGGTGTGTT,acea;aceb;alda;argt;cara;dcta;fadb;fadh;fadi;fadj;fuma;gata;gatb;gatd;gaty;gatz;glcb;glcf;glcg;glta;ompw;pnta;ptsg;puua;stha,treitz_schmidt_concordant_down;treitz_schmidt_concordant_up,-,regdb,no,yes,TRUE,TRUE,arca_cluster_95
arca,TGTAAATTACGCGTTA,acea;aceb;alda;argt;cara;dcta;fadb;fadh;fadi;fadj;fuma;gata;gatb;gatd;gaty;gatz;glcb;glcf;glcg;glta;ompw;pnta;ptsg;puua;stha,treitz_schmidt_concordant_down;treitz_schmidt_concordant_up,-,ecocyc,no,yes,TRUE,FALSE,
arca,TGTAACAAATCATTTA,acea;aceb;alda;argt;cara;dcta;fadb;fadh;fadi;fadj;fuma;gata;gatb;gatd;gaty;gatz;glcb;glcf;glcg;glta;ompw;pnta;ptsg;puua;stha,treitz_schmidt_concordant_down;treitz_schmidt_concordant_up,-,ecocyc,no,yes,TRUE,FALSE,
arca,TGTAACCTATTAGTT,acea;aceb;alda;argt;cara;dcta;fadb;fadh;fadi;fadj;fuma;gata;gatb;gatd;gaty;gatz;glcb;glcf;glcg;glta;ompw;pnta;ptsg;puua;stha,treitz_schmidt_concordant_down;treitz_schmidt_concordant_up,-,regdb,no,yes,TRUE,TRUE,arca_cluster_96
arca,TGTCAAAGAAATGTA,acea;aceb;alda;argt;cara;dcta;fadb;fadh;fadi;fadj;fuma;gata;gatb;gatd;gaty;gatz;glcb;glcf;glcg;glta;ompw;pnta;ptsg;puua;stha,treitz_schmidt_concordant_down;treitz_schmidt_concordant_up,-,regdb,no,yes,TRUE,TRUE,arca_cluster_97
arca,TGTCAACAGAATGTGA,acea;aceb;alda;argt;cara;dcta;fadb;fadh;fadi;fadj;fuma;gata;gatb;gatd;gaty;gatz;glcb;glcf;glcg;glta;ompw;pnta;ptsg;puua;stha,treitz_schmidt_concordant_down;treitz_schmidt_concordant_up,-,ecocyc,no,yes,TRUE,FALSE,
arca,TGTGTAATAAATAAAG,acea;aceb;alda;argt;cara;dcta;fadb;fadh;fadi;fadj;fuma;gata;gatb;gatd;gaty;gatz;glcb;glcf;glcg;glta;ompw;pnta;ptsg;puua;stha,treitz_schmidt_concordant_down;treitz_schmidt_concordant_up,-,ecocyc,no,yes,TRUE,TRUE,arca_cluster_98
arca,TGTTAAAACATCGTTA,acea;aceb;alda;argt;cara;dcta;fadb;fadh;fadi;fadj;fuma;gata;gatb;gatd;gaty;gatz;glcb;glcf;glcg;glta;ompw;pnta;ptsg;puua;stha,treitz_schmidt_concordant_down;treitz_schmidt_concordant_up,-,ecocyc,no,yes,TRUE,FALSE,
arca,TGTTAAATAAAAGTAA,acea;aceb;alda;argt;cara;dcta;fadb;fadh;fadi;fadj;fuma;gata;gatb;gatd;gaty;gatz;glcb;glcf;glcg;glta;ompw;pnta;ptsg;puua;stha,treitz_schmidt_concordant_down;treitz_schmidt_concordant_up,-,ecocyc,no,yes,TRUE,FALSE,
arca,TGTTAACAAAAATAAA,acea;aceb;alda;argt;cara;dcta;fadb;fadh;fadi;fadj;fuma;gata;gatb;gatd;gaty;gatz;glcb;glcf;glcg;glta;ompw;pnta;ptsg;puua;stha,treitz_schmidt_concordant_down;treitz_schmidt_concordant_up,-,ecocyc,no,yes,TRUE,FALSE,
arca,TGTTAATAAAA,acea;aceb;alda;argt;cara;dcta;fadb;fadh;fadi;fadj;fuma;gata;gatb;gatd;gaty;gatz;glcb;glcf;glcg;glta;ompw;pnta;ptsg;puua;stha,treitz_schmidt_concordant_down;treitz_schmidt_concordant_up,-,ecocyc,no,yes,TRUE,FALSE,
arca,TGTTAATAAGACGTTG,acea;aceb;alda;argt;cara;dcta;fadb;fadh;fadi;fadj;fuma;gata;gatb;gatd;gaty;gatz;glcb;glcf;glcg;glta;ompw;pnta;ptsg;puua;stha,treitz_schmidt_concordant_down;treitz_schmidt_concordant_up,-,ecocyc,no,yes,TRUE,FALSE,
arca,TGTTAATAATAAGTAA,acea;aceb;alda;argt;cara;dcta;fadb;fadh;fadi;fadj;fuma;gata;gatb;gatd;gaty;gatz;glcb;glcf;glcg;glta;ompw;pnta;ptsg;puua;stha,treitz_schmidt_concordant_down;treitz_schmidt_concordant_up,-,ecocyc,no,yes,TRUE,TRUE,arca_cluster_99
arca,TGTTAATGTTTTGTTT,acea;aceb;alda;argt;cara;dcta;fadb;fadh;fadi;fadj;fuma;gata;gatb;gatd;gaty;gatz;glcb;glcf;glcg;glta;ompw;pnta;ptsg;puua;stha,treitz_schmidt_concordant_down;treitz_schmidt_concordant_up,-,ecocyc,no,yes,TRUE,TRUE,arca_cluster_100
arca,TGTTAATTAATCGTT,acea;aceb;alda;argt;cara;dcta;fadb;fadh;fadi;fadj;fuma;gata;gatb;gatd;gaty;gatz;glcb;glcf;glcg;glta;ompw;pnta;ptsg;puua;stha,treitz_schmidt_concordant_down;treitz_schmidt_concordant_up,-,regdb,no,yes,TRUE,TRUE,arca_cluster_101
arca,TGTTACTAATTTGTT,acea;aceb;alda;argt;cara;dcta;fadb;fadh;fadi;fadj;fuma;gata;gatb;gatd;gaty;gatz;glcb;glcf;glcg;glta;ompw;pnta;ptsg;puua;stha,treitz_schmidt_concordant_down;treitz_schmidt_concordant_up,-,regdb,no,yes,TRUE,TRUE,arca_cluster_102
arca,TGTTAGTATCTCGTCG,acea;aceb;alda;argt;cara;dcta;fadb;fadh;fadi;fadj;fuma;gata;gatb;gatd;gaty;gatz;glcb;glcf;glcg;glta;ompw;pnta;ptsg;puua;stha,treitz_schmidt_concordant_down;treitz_schmidt_concordant_up,-,ecocyc,no,yes,TRUE,FALSE,
arca,TGTTATCGATT,acea;aceb;alda;argt;cara;dcta;fadb;fadh;fadi;fadj;fuma;gata;gatb;gatd;gaty;gatz;glcb;glcf;glcg;glta;ompw;pnta;ptsg;puua;stha,treitz_schmidt_concordant_down;treitz_schmidt_concordant_up,-,ecocyc,no,yes,TRUE,FALSE,
arca,TGTTATCTTATTGATA,acea;aceb;alda;argt;cara;dcta;fadb;fadh;fadi;fadj;fuma;gata;gatb;gatd;gaty;gatz;glcb;glcf;glcg;glta;ompw;pnta;ptsg;puua;stha,treitz_schmidt_concordant_down;treitz_schmidt_concordant_up,-,ecocyc,no,yes,TRUE,FALSE,
arca,TGTTATTGACAGTTAG,acea;aceb;alda;argt;cara;dcta;fadb;fadh;fadi;fadj;fuma;gata;gatb;gatd;gaty;gatz;glcb;glcf;glcg;glta;ompw;pnta;ptsg;puua;stha,treitz_schmidt_concordant_down;treitz_schmidt_concordant_up,-,ecocyc,no,yes,TRUE,FALSE,
arca,TGTTATTTTTAAGTTA,acea;aceb;alda;argt;cara;dcta;fadb;fadh;fadi;fadj;fuma;gata;gatb;gatd;gaty;gatz;glcb;glcf;glcg;glta;ompw;pnta;ptsg;puua;stha,treitz_schmidt_concordant_down;treitz_schmidt_concordant_up,-,ecocyc,no,yes,TRUE,FALSE,
arca,TGTTGTTTTAATGTA,acea;aceb;alda;argt;cara;dcta;fadb;fadh;fadi;fadj;fuma;gata;gatb;gatd;gaty;gatz;glcb;glcf;glcg;glta;ompw;pnta;ptsg;puua;stha,treitz_schmidt_concordant_down;treitz_schmidt_concordant_up,-,regdb,no,yes,TRUE,TRUE,arca_cluster_103
arca,TGTTTACATATAGTTA,acea;aceb;alda;argt;cara;dcta;fadb;fadh;fadi;fadj;fuma;gata;gatb;gatd;gaty;gatz;glcb;glcf;glcg;glta;ompw;pnta;ptsg;puua;stha,treitz_schmidt_concordant_down;treitz_schmidt_concordant_up,-,ecocyc,no,yes,TRUE,FALSE,
arca,TGTTTTTTCAATGTT,acea;aceb;alda;argt;cara;dcta;fadb;fadh;fadi;fadj;fuma;gata;gatb;gatd;gaty;gatz;glcb;glcf;glcg;glta;ompw;pnta;ptsg;puua;stha,treitz_schmidt_concordant_down;treitz_schmidt_concordant_up,-,regdb,no,yes,TRUE,TRUE,arca_cluster_104
arca,TTAAAAAAGTGTGTA,acea;aceb;alda;argt;cara;dcta;fadb;fadh;fadi;fadj;fuma;gata;gatb;gatd;gaty;gatz;glcb;glcf;glcg;glta;ompw;pnta;ptsg;puua;stha,treitz_schmidt_concordant_down;treitz_schmidt_concordant_up,-,regdb,no,yes,TRUE,FALSE,
arca,TTAAAAATTGTTAAC,acea;aceb;alda;argt;cara;dcta;fadb;fadh;fadi;fadj;fuma;gata;gatb;gatd;gaty;gatz;glcb;glcf;glcg;glta;ompw;pnta;ptsg;puua;stha,treitz_schmidt_concordant_down;treitz_schmidt_concordant_up,-,regdb,no,yes,TRUE,TRUE,arca_cluster_105
arca,TTAAATTGATGTAAC,acea;aceb;alda;argt;cara;dcta;fadb;fadh;fadi;fadj;fuma;gata;gatb;gatd;gaty;gatz;glcb;glcf;glcg;glta;ompw;pnta;ptsg;puua;stha,treitz_schmidt_concordant_down;treitz_schmidt_concordant_up,-,regdb,no,yes,TRUE,FALSE,
arca,TTAACAAAGTGATGA,acea;aceb;alda;argt;cara;dcta;fadb;fadh;fadi;fadj;fuma;gata;gatb;gatd;gaty;gatz;glcb;glcf;glcg;glta;ompw;pnta;ptsg;puua;stha,treitz_schmidt_concordant_down;treitz_schmidt_concordant_up,-,regdb,no,yes,TRUE,TRUE,arca_cluster_106
arca,TTAACAATTAGATCA,acea;aceb;alda;argt;cara;dcta;fadb;fadh;fadi;fadj;fuma;gata;gatb;gatd;gaty;gatz;glcb;glcf;glcg;glta;ompw;pnta;ptsg;puua;stha,treitz_schmidt_concordant_down;treitz_schmidt_concordant_up,-,regdb,no,yes,TRUE,TRUE,arca_cluster_107
arca,TTAACAATTTTGCAA,acea;aceb;alda;argt;cara;dcta;fadb;fadh;fadi;fadj;fuma;gata;gatb;gatd;gaty;gatz;glcb;glcf;glcg;glta;ompw;pnta;ptsg;puua;stha,treitz_schmidt_concordant_down;treitz_schmidt_concordant_up,-,regdb,no,yes,TRUE,TRUE,arca_cluster_108
arca,TTAACACATCATCAAC,acea;aceb;alda;argt;cara;dcta;fadb;fadh;fadi;fadj;fuma;gata;gatb;gatd;gaty;gatz;glcb;glcf;glcg;glta;ompw;pnta;ptsg;puua;stha,treitz_schmidt_concordant_down;treitz_schmidt_concordant_up,-,ecocyc,no,yes,TRUE,FALSE,
arca,TTAACACTTCCATAAC,acea;aceb;alda;argt;cara;dcta;fadb;fadh;fadi;fadj;fuma;gata;gatb;gatd;gaty;gatz;glcb;glcf;glcg;glta;ompw;pnta;ptsg;puua;stha,treitz_schmidt_concordant_down;treitz_schmidt_concordant_up,-,ecocyc,no,yes,TRUE,TRUE,arca_cluster_109
arca,TTAACATGTTTGCAA,acea;aceb;alda;argt;cara;dcta;fadb;fadh;fadi;fadj;fuma;gata;gatb;gatd;gaty;gatz;glcb;glcf;glcg;glta;ompw;pnta;ptsg;puua;stha,treitz_schmidt_concordant_down;treitz_schmidt_concordant_up,-,regdb,no,yes,TRUE,TRUE,arca_cluster_110
arca,TTAACATTAAATTAAC,acea;aceb;alda;argt;cara;dcta;fadb;fadh;fadi;fadj;fuma;gata;gatb;gatd;gaty;gatz;glcb;glcf;glcg;glta;ompw;pnta;ptsg;puua;stha,treitz_schmidt_concordant_down;treitz_schmidt_concordant_up,-,ecocyc,no,yes,TRUE,FALSE,
arca,TTAACCTTATAATTAC,acea;aceb;alda;argt;cara;dcta;fadb;fadh;fadi;fadj;fuma;gata;gatb;gatd;gaty;gatz;glcb;glcf;glcg;glta;ompw;pnta;ptsg;puua;stha,treitz_schmidt_concordant_down;treitz_schmidt_concordant_up,-,ecocyc,no,yes,TRUE,FALSE,
arca,TTAACCTTTTCTTAA,acea;aceb;alda;argt;cara;dcta;fadb;fadh;fadi;fadj;fuma;gata;gatb;gatd;gaty;gatz;glcb;glcf;glcg;glta;ompw;pnta;ptsg;puua;stha,treitz_schmidt_concordant_down;treitz_schmidt_concordant_up,-,regdb,no,yes,TRUE,TRUE,arca_cluster_111
arca,TTAACTATAATGAACC,acea;aceb;alda;argt;cara;dcta;fadb;fadh;fadi;fadj;fuma;gata;gatb;gatd;gaty;gatz;glcb;glcf;glcg;glta;ompw;pnta;ptsg;puua;stha,treitz_schmidt_concordant_down;treitz_schmidt_concordant_up,-,ecocyc,no,yes,TRUE,FALSE,
arca,TTAACTTTTGTGTAA,acea;aceb;alda;argt;cara;dcta;fadb;fadh;fadi;fadj;fuma;gata;gatb;gatd;gaty;gatz;glcb;glcf;glcg;glta;ompw;pnta;ptsg;puua;stha,treitz_schmidt_concordant_down;treitz_schmidt_concordant_up,-,regdb,no,yes,TRUE,TRUE,arca_cluster_112
arca,TTAATATTTTGCGAG,acea;aceb;alda;argt;cara;dcta;fadb;fadh;fadi;fadj;fuma;gata;gatb;gatd;gaty;gatz;glcb;glcf;glcg;glta;ompw;pnta;ptsg;puua;stha,treitz_schmidt_concordant_down;treitz_schmidt_concordant_up,-,regdb,no,yes,TRUE,FALSE,
arca,TTAATTAACTGTTTT,acea;aceb;alda;argt;cara;dcta;fadb;fadh;fadi;fadj;fuma;gata;gatb;gatd;gaty;gatz;glcb;glcf;glcg;glta;ompw;pnta;ptsg;puua;stha,treitz_schmidt_concordant_down;treitz_schmidt_concordant_up,-,regdb,no,yes,TRUE,FALSE,
arca,TTAATTTAATGTTAA,acea;aceb;alda;argt;cara;dcta;fadb;fadh;fadi;fadj;fuma;gata;gatb;gatd;gaty;gatz;glcb;glcf;glcg;glta;ompw;pnta;ptsg;puua;stha,treitz_schmidt_concordant_down;treitz_schmidt_concordant_up,-,regdb,no,yes,TRUE,FALSE,
arca,TTTACAAATCAGTAAC,acea;aceb;alda;argt;cara;dcta;fadb;fadh;fadi;fadj;fuma;gata;gatb;gatd;gaty;gatz;glcb;glcf;glcg;glta;ompw;pnta;ptsg;puua;stha,treitz_schmidt_concordant_down;treitz_schmidt_concordant_up,-,ecocyc,no,yes,TRUE,TRUE,arca_cluster_113
arca,TTACACAAAAGTTAA,acea;aceb;alda;argt;cara;dcta;fadb;fadh;fadi;fadj;fuma;gata;gatb;gatd;gaty;gatz;glcb;glcf;glcg;glta;ompw;pnta;ptsg;puua;stha,treitz_schmidt_concordant_down;treitz_schmidt_concordant_up,-,regdb,no,yes,TRUE,FALSE,
arca,TTACCATTCTGTTGC,acea;aceb;alda;argt;cara;dcta;fadb;fadh;fadi;fadj;fuma;gata;gatb;gatd;gaty;gatz;glcb;glcf;glcg;glta;ompw;pnta;ptsg;puua;stha,treitz_schmidt_concordant_down;treitz_schmidt_concordant_up,-,regdb,no,yes,TRUE,FALSE,
arca,TTACGTTTAGGTAAC,acea;aceb;alda;argt;cara;dcta;fadb;fadh;fadi;fadj;fuma;gata;gatb;gatd;gaty;gatz;glcb;glcf;glcg;glta;ompw;pnta;ptsg;puua;stha,treitz_schmidt_concordant_down;treitz_schmidt_concordant_up,-,regdb,no,yes,TRUE,TRUE,arca_cluster_114
arca,TTAGCAATATGTTTAC,acea;aceb;alda;argt;cara;dcta;fadb;fadh;fadi;fadj;fuma;gata;gatb;gatd;gaty;gatz;glcb;glcf;glcg;glta;ompw;pnta;ptsg;puua;stha,treitz_schmidt_concordant_down;treitz_schmidt_concordant_up,-,ecocyc,no,yes,TRUE,FALSE,
arca,TTATCAAATTGATGT,acea;aceb;alda;argt;cara;dcta;fadb;fadh;fadi;fadj;fuma;gata;gatb;gatd;gaty;gatz;glcb;glcf;glcg;glta;ompw;pnta;ptsg;puua;stha,treitz_schmidt_concordant_down;treitz_schmidt_concordant_up,-,regdb,no,yes,TRUE,FALSE,
arca,TTATCATTTCATTAA,acea;aceb;alda;argt;cara;dcta;fadb;fadh;fadi;fadj;fuma;gata;gatb;gatd;gaty;gatz;glcb;glcf;glcg;glta;ompw;pnta;ptsg;puua;stha,treitz_schmidt_concordant_down;treitz_schmidt_concordant_up,-,regdb,no,yes,TRUE,TRUE,arca_cluster_115
arca,TTATGGAAGTGTTAA,acea;aceb;alda;argt;cara;dcta;fadb;fadh;fadi;fadj;fuma;gata;gatb;gatd;gaty;gatz;glcb;glcf;glcg;glta;ompw;pnta;ptsg;puua;stha,treitz_schmidt_concordant_down;treitz_schmidt_concordant_up,-,regdb,no,yes,TRUE,FALSE,
arca,TTCACAATTTGTTTAC,acea;aceb;alda;argt;cara;dcta;fadb;fadh;fadi;fadj;fuma;gata;gatb;gatd;gaty;gatz;glcb;glcf;glcg;glta;ompw;pnta;ptsg;puua;stha,treitz_schmidt_concordant_down;treitz_schmidt_concordant_up,-,ecocyc,no,yes,TRUE,FALSE,
arca,TTCACTACGCTTTATTAACAAT,acea;aceb;alda;argt;cara;dcta;fadb;fadh;fadi;fadj;fuma;gata;gatb;gatd;gaty;gatz;glcb;glcf;glcg;glta;ompw;pnta;ptsg;puua;stha,treitz_schmidt_concordant_down;treitz_schmidt_concordant_up,-,regdb,no,yes,TRUE,TRUE,arca_cluster_116
arca,TTCGTCACGTTTTTATAA,acea;aceb;alda;argt;cara;dcta;fadb;fadh;fadi;fadj;fuma;gata;gatb;gatd;gaty;gatz;glcb;glcf;glcg;glta;ompw;pnta;ptsg;puua;stha,treitz_schmidt_concordant_down;treitz_schmidt_concordant_up,-,regdb,no,yes,TRUE,TRUE,arca_cluster_117
arca,TTGATGATGTGTTAA,acea;aceb;alda;argt;cara;dcta;fadb;fadh;fadi;fadj;fuma;gata;gatb;gatd;gaty;gatz;glcb;glcf;glcg;glta;ompw;pnta;ptsg;puua;stha,treitz_schmidt_concordant_down;treitz_schmidt_concordant_up,-,regdb,no,yes,TRUE,FALSE,
arca,TTGATTATATGCTGG,acea;aceb;alda;argt;cara;dcta;fadb;fadh;fadi;fadj;fuma;gata;gatb;gatd;gaty;gatz;glcb;glcf;glcg;glta;ompw;pnta;ptsg;puua;stha,treitz_schmidt_concordant_down;treitz_schmidt_concordant_up,-,regdb,no,yes,TRUE,FALSE,
arca,TTGCATATTTTTAAC,acea;aceb;alda;argt;cara;dcta;fadb;fadh;fadi;fadj;fuma;gata;gatb;gatd;gaty;gatz;glcb;glcf;glcg;glta;ompw;pnta;ptsg;puua;stha,treitz_schmidt_concordant_down;treitz_schmidt_concordant_up,-,regdb,no,yes,TRUE,TRUE,arca_cluster_118
arca,TTGCTTTTATGTATA,acea;aceb;alda;argt;cara;dcta;fadb;fadh;fadi;fadj;fuma;gata;gatb;gatd;gaty;gatz;glcb;glcf;glcg;glta;ompw;pnta;ptsg;puua;stha,treitz_schmidt_concordant_down;treitz_schmidt_concordant_up,-,regdb,no,yes,TRUE,FALSE,
arca,TTGTTATCGAAGTGT,acea;aceb;alda;argt;cara;dcta;fadb;fadh;fadi;fadj;fuma;gata;gatb;gatd;gaty;gatz;glcb;glcf;glcg;glta;ompw;pnta;ptsg;puua;stha,treitz_schmidt_concordant_down;treitz_schmidt_concordant_up,-,regdb,no,yes,TRUE,TRUE,arca_cluster_119
arca,TTTTAAAAAAATGTTA,acea;aceb;alda;argt;cara;dcta;fadb;fadh;fadi;fadj;fuma;gata;gatb;gatd;gaty;gatz;glcb;glcf;glcg;glta;ompw;pnta;ptsg;puua;stha,treitz_schmidt_concordant_down;treitz_schmidt_concordant_up,-,ecocyc,no,yes,TRUE,TRUE,arca_cluster_120
arca,TTTAAATTTTGACTAA,acea;aceb;alda;argt;cara;dcta;fadb;fadh;fadi;fadj;fuma;gata;gatb;gatd;gaty;gatz;glcb;glcf;glcg;glta;ompw;pnta;ptsg;puua;stha,treitz_schmidt_concordant_down;treitz_schmidt_concordant_up,-,ecocyc,no,yes,TRUE,FALSE,
arca,TTTAACAGGTCATAA,acea;aceb;alda;argt;cara;dcta;fadb;fadh;fadi;fadj;fuma;gata;gatb;gatd;gaty;gatz;glcb;glcf;glcg;glta;ompw;pnta;ptsg;puua;stha,treitz_schmidt_concordant_down;treitz_schmidt_concordant_up,-,regdb,no,yes,TRUE,TRUE,arca_cluster_121
arca,TTTACATAAAATAAAC,acea;aceb;alda;argt;cara;dcta;fadb;fadh;fadi;fadj;fuma;gata;gatb;gatd;gaty;gatz;glcb;glcf;glcg;glta;ompw;pnta;ptsg;puua;stha,treitz_schmidt_concordant_down;treitz_schmidt_concordant_up,-,ecocyc,no,yes,TRUE,FALSE,
arca,TTTATTAGTTGTATG,acea;aceb;alda;argt;cara;dcta;fadb;fadh;fadi;fadj;fuma;gata;gatb;gatd;gaty;gatz;glcb;glcf;glcg;glta;ompw;pnta;ptsg;puua;stha,treitz_schmidt_concordant_down;treitz_schmidt_concordant_up,-,regdb,no,yes,TRUE,FALSE,
arca,TTTATTTTATGTAAA,acea;aceb;alda;argt;cara;dcta;fadb;fadh;fadi;fadj;fuma;gata;gatb;gatd;gaty;gatz;glcb;glcf;glcg;glta;ompw;pnta;ptsg;puua;stha,treitz_schmidt_concordant_down;treitz_schmidt_concordant_up,-,regdb,no,yes,TRUE,FALSE,
arca,TTTCACAAATAATTA,acea;aceb;alda;argt;cara;dcta;fadb;fadh;fadi;fadj;fuma;gata;gatb;gatd;gaty;gatz;glcb;glcf;glcg;glta;ompw;pnta;ptsg;puua;stha,treitz_schmidt_concordant_down;treitz_schmidt_concordant_up,-,regdb,no,yes,TRUE,TRUE,arca_cluster_122
arca,TTTGTGAACCACTTG,acea;aceb;alda;argt;cara;dcta;fadb;fadh;fadi;fadj;fuma;gata;gatb;gatd;gaty;gatz;glcb;glcf;glcg;glta;ompw;pnta;ptsg;puua;stha,treitz_schmidt_concordant_down;treitz_schmidt_concordant_up,-,regdb,no,yes,TRUE,TRUE,arca_cluster_123
arca,TTTGTTGAATGATTG,acea;aceb;alda;argt;cara;dcta;fadb;fadh;fadi;fadj;fuma;gata;gatb;gatd;gaty;gatz;glcb;glcf;glcg;glta;ompw;pnta;ptsg;puua;stha,treitz_schmidt_concordant_down;treitz_schmidt_concordant_up,-,regdb,no,yes,TRUE,TRUE,arca_cluster_124
arca,TTTTAACAAGTTGATA,acea;aceb;alda;argt;cara;dcta;fadb;fadh;fadi;fadj;fuma;gata;gatb;gatd;gaty;gatz;glcb;glcf;glcg;glta;ompw;pnta;ptsg;puua;stha,treitz_schmidt_concordant_down;treitz_schmidt_concordant_up,-,ecocyc,no,yes,TRUE,FALSE,